{
	"name": "体型",
	"description": "你是中等体型，比普通人类大。",
	"type": "origins:action_on_callback",
	"entity_action_chosen":
	{
		"type": "origins:and",
		"actions": [
		{
			"type": "origins:execute_command",
			"permission_level": 4,
			"command": "scale set pehkui:height 1.25 @s"
		},
		{
			"type": "origins:execute_command",
			"permission_level": 4,
			"command": "scale set pehkui:width 1.25 @s"
		}
		]
	},
	"entity_action_added":
	{
		"type": "origins:and",
		"actions": [
		{
			"type": "origins:execute_command",
			"permission_level": 4,
			"command": "scale set pehkui:height 1.25 @s"
		},
		{
			"type": "origins:execute_command",
			"permission_level": 4,
			"command": "scale set pehkui:width 1.25 @s"
		}
		]
	},
	"entity_action_lost":
	{
		"type": "origins:and",
		"actions": [
		{
			"type": "origins:execute_command",
			"permission_level": 4,
			"command": "scale set pehkui:height 1 @s"
		},
		{
			"type": "origins:execute_command",
			"permission_level": 4,
			"command": "scale set pehkui:width 1 @s"
		}
		]
	},
	"entity_action_removed":
	{
		"type": "origins:and",
		"actions": [
		{
			"type": "origins:execute_command",
			"permission_level": 4,
			"command": "scale set pehkui:height 1 @s"
		},
		{
			"type": "origins:execute_command",
			"permission_level": 4,
			"command": "scale set pehkui:width 1 @s"
		}
		]
	}
}