{
    "__comment": "Made by the DarkRPG team",
    "display": {
        "title": {"text": "经验转盘"},
        "description": {"text": "测试你人品的时候到了！用你的经验来赌博，赢取奖品……"},
        
        "icon": {"item": "minecraft:raw_gold_block"},
        "frame": "challenge",
        
        "show_toast": false,
        "announce_to_chat": false,
        "hidden": false
    },
    "criteria": {
        "darkspins": {
            "trigger": "minecraft:inventory_changed",
            "conditions": {"items": [{"items": ["minecraft:diamond_sword"]}],
                           "player": {"stepping_on": {"block": {"blocks": ["minecraft:diamond_block"]}}
                            }}}},
    "rewards": {"function": "darkspins:darkspins"}
,
    "parent": "darkspins:root"
}
