{
    "__comment": "DarkSpins",
    "display": {
        "title": {
            "text": "暗黑转盘",
            "color": "dark_green"
        },
        "description": {
            "text": "站在一个钻石块上，在主手和副手之间交换一把钻石剑。每次旋转转盘的花费是5级。祝你好运！"
        },
        "icon": {
            "item": "minecraft:lime_glazed_terracotta"
        },
        "frame": "challenge",
        "show_toast": false,
        "announce_to_chat": false,
        "hidden": false,
        "background": "minecraft:textures/gui/advancements/backgrounds/stone.png"
    },
    "criteria": {
        "darkrpg_info_extras": {
            "trigger": "minecraft:enter_block",
            "conditions": {
                "block": "minecraft:air"
            }
        }
    },
    "rewards": {
        "experience" : 0
    }
}
