{
    "name": "箭袋",
    "description": "你一直背着箭袋来确保你有备用箭矢可用。你可以把任何东西往里面放，但如果你死了，那除了箭矢之外的东西都会掉落。",
    "type": "origins:inventory",
    "title": "Quiver",
    "container_type": "hopper",
    "drop_on_death": true,
    "drop_on_death_filter": {
        "inverted": true,
        "type": "origins:ingredient",
        "ingredient": [
            {
                "item": "minecraft:arrow"
            },
            {
                "item": "minecraft:spectral_arrow"
            },
            {
                "item": "minecraft:tipped_arrow"
            }
        ]
    },
    "recoverable": true
}