{
    "name": "心灵手巧",
    "description": "当你处在制箭台周围时，你可以合成更多的箭矢。",
    "condition": {
        "type": "origins:block_in_radius",
        "block_condition": {
            "type": "origins:block",
            "block": "minecraft:fletching_table"
        },
        "radius": 3,
        "shape": "sphere",
        "comparison": ">=",
        "compare_to": 1
    },
    "type": "origins:modify_crafting",
    "recipe": "minecraft:arrow",
    "result": {
        "item": "minecraft:arrow",
        "amount": 8
    }
}