{
    "name": "不简单的同盟",
    "description": "你和掠夺者们相知已久，但关系还没有好到让他们放你一马。当你杀死铁傀儡，他们便会趁虚而入。",
    "type": "origins:self_action_on_kill",
    "target_condition": {
        "type": "origins:entity_type",
        "entity_type": "minecraft:iron_golem"
    },
    "entity_action": {
        "type": "origins:apply_effect",
        "effect": {
            "effect": "minecraft:bad_omen",
            "duration": 1,
            "amplifier": 0,
            "show_particles": false,
            "show_icon": false
        }
    },
    "cooldown": 1
}