{
    "name": "感觉",
    "description": "等下，你不该看见这个的！这看起来好像你这在窥探着什么，我希望你找到你想要的。",
    "hidden": true,
    "condition": {
        "type": "origins:using_item",
        "item_condition": {
            "type": "origins:nbt",
            "nbt": "{instrument: \"minecraft:feel_goat_horn\"}"
        }
    },
    "type": "origins:active_self",
    "entity_action": {
        "type": "origins:spawn_effect_cloud",
        "radius": 10,
        "radius_on_use": -1,
        "wait_time": 0,
        "effect": {
            "effect": "minecraft:regeneration",
            "duration": 1250,
            "amplifier": 1,
            "show_particles": true,
            "show_icon": true
        }
    },
    "cooldown": 1000,
    "hud_render": {
        "should_render": true,
        "sprite_location": "origins:textures/gui/community/spiderkolo/resource_bar_02.png",
        "bar_index": 9
    },
    "key": {
        "key": "key.use",
        "continuous": true
    }
}