{
	"root_health+2": {
		"title": "+1颗心",
		"frame": "challenge",
		"icon": {
			"type": "effect",
			"data": {
				"effect": "health_boost"
			}
		},
		"rewards": [
			{
				"type": "puffish_skills:attribute",
				"data": {
					"attribute": "generic.max_health",
					"value": 2,
					"operation": "addition"
				}
			}
		]
	},
	"root_resistance+1%": {
		"title": "+1%抗性提升",
		"frame": "challenge",
		"icon": {
			"type": "effect",
			"data": {
				"effect": "resistance"
			}
		},
		"rewards": [
			{
				"type": "puffish_skills:attribute",
				"data": {
					"attribute": "puffish_skills:player.resistance",
					"value": 0.01,
					"operation": "multiply_total"
				}
			}
		]
	},
	"root_melee_damage+3%": {
		"title": "+3%近战伤害",
		"frame": "challenge",
		"icon": {
			"type": "effect",
			"data": {
				"effect": "strength"
			}
		},
		"rewards": [
			{
				"type": "puffish_skills:attribute",
				"data": {
					"attribute": "puffish_skills:player.melee_damage",
					"value": 0.03,
					"operation": "multiply_total"
				}
			}
		]
	},
	"root_ranged_damage+3%": {
		"title": "+3%远程伤害",
		"frame": "challenge",
		"icon": {
			"type": "item",
			"data": {
				"item": "bow"
			}
		},
		"rewards": [
			{
				"type": "puffish_skills:attribute",
				"data": {
					"attribute": "puffish_skills:player.ranged_damage",
					"value": 0.03,
					"operation": "multiply_total"
				}
			}
		]
	},
	"health+2": {
		"title": "+1颗心",
		"icon": {
			"type": "effect",
			"data": {
				"effect": "health_boost"
			}
		},
		"rewards": [
			{
				"type": "puffish_skills:attribute",
				"data": {
					"attribute": "generic.max_health",
					"value": 2,
					"operation": "addition"
				}
			}
		]
	},
	"resistance+1%": {
		"title": "+1%抗性提升",
		"icon": {
			"type": "effect",
			"data": {
				"effect": "resistance"
			}
		},
		"rewards": [
			{
				"type": "puffish_skills:attribute",
				"data": {
					"attribute": "puffish_skills:player.resistance",
					"value": 0.01,
					"operation": "multiply_total"
				}
			}
		]
	},
	"melee_damage+3%": {
		"title": "+3%近战伤害",
		"icon": {
			"type": "effect",
			"data": {
				"effect": "strength"
			}
		},
		"rewards": [
			{
				"type": "puffish_skills:attribute",
				"data": {
					"attribute": "puffish_skills:player.melee_damage",
					"value": 0.03,
					"operation": "multiply_total"
				}
			}
		]
	},
	"ranged_damage+3%": {
		"title": "+3%远程伤害",
		"icon": {
			"type": "item",
			"data": {
				"item": "bow"
			}
		},
		"rewards": [
			{
				"type": "puffish_skills:attribute",
				"data": {
					"attribute": "puffish_skills:player.ranged_damage",
					"value": 0.03,
					"operation": "multiply_total"
				}
			}
		]
	},
	"attack_speed+5%": {
		"title": "+5%攻击速度",
		"icon": {
			"type": "item",
			"data": {
				"item": "golden_sword"
			}
		},
		"rewards": [
			{
				"type": "puffish_skills:attribute",
				"data": {
					"attribute": "generic.attack_speed",
					"value": 0.05,
					"operation": "multiply_total"
				}
			}
		]
	},
	"movement_speed+5%": {
		"title": "+5%移动速度",
		"icon": {
			"type": "effect",
			"data": {
				"effect": "speed"
			}
		},
		"rewards": [
			{
				"type": "puffish_skills:attribute",
				"data": {
					"attribute": "generic.movement_speed",
					"value": 0.05,
					"operation": "multiply_total"
				}
			}
		]
	},
	"luck+0.25": {
		"title": "+0.25幸运",
		"icon": {
			"type": "effect",
			"data": {
				"effect": "luck"
			}
		},
		"rewards": [
			{
				"type": "puffish_skills:attribute",
				"data": {
					"attribute": "generic.luck",
					"value": 0.25,
					"operation": "addition"
				}
			}
		]
	},
	"stamina+5%": {
		"title": "+5%体力",
		"icon": {
			"type": "effect",
			"data": {
				"effect": "saturation"
			}
		},
		"rewards": [
			{
				"type": "puffish_skills:attribute",
				"data": {
					"attribute": "puffish_skills:player.stamina",
					"value": 0.05,
					"operation": "multiply_total"
				}
			}
		]
	},
	"healing+5%": {
		"title": "+5%治疗",
		"icon": {
			"type": "effect",
			"data": {
				"effect": "regeneration"
			}
		},
		"rewards": [
			{
				"type": "puffish_skills:attribute",
				"data": {
					"attribute": "puffish_skills:player.healing",
					"value": 0.05,
					"operation": "multiply_total"
				}
			}
		]
	},
	"jump+5%": {
		"title": "+5%跳跃",
		"icon": {
			"type": "effect",
			"data": {
				"effect": "jump_boost"
			}
		},
		"rewards": [
			{
				"type": "puffish_skills:attribute",
				"data": {
					"attribute": "puffish_skills:player.jump",
					"value": 0.05,
					"operation": "multiply_total"
				}
			}
		]
	}
}