{
    "__comment": "Made by creators of DarkRPG",
    "display": {
        "title": {"text": "特殊登录奖励"},
        "description": {"text": "打开奖励袋，领取你的特殊登录奖励……"},
        
        "icon": {"item": "minecraft:bundle"},
        "frame": "challenge",
        
        "show_toast": true,
        "announce_to_chat": false,
        "hidden": false,
		"background": "minecraft:textures/gui/advancements/backgrounds/adventure.png"
    },
    "criteria": {
        "january": {
            "trigger": "minecraft:enter_block",
            "conditions": {
                "block": "minecraft:air"
            }
        }
    },
    "rewards": {
    "loot": ["rewards:rewards"],
		"function":"rewards:rewards",
		"experience": 1
    }
}
