{
    "powers": [
        "land_chidori:tall_land_chidori",
        "land_chidori:strong_arms_land_chidori",
        "land_chidori:strong_arms_break_speed_land_chidori",
        "land_chidori:inventory_land_chidori",
        "land_chidori:prevent_sprint_land_chidori",
        "land_chidori:fall_immunity_land_chidori",
        "land_chidori:extra_reach_land_chidori",
        "land_chidori:launch_into_air_land_chidori",
        "land_chidori:natural_armor_land_chidori",
        "land_chidori:slow_attack_land_chidori",
        "land_chidori:slow_speed_land_chidori",
        "land_chidori:max_health_land_chidori",
        "land_chidori:no_ranged_land_chidori",
        "land_chidori:particle_land_chidori",
        "land_chidori:recipe_land_chidori"
    ],
    "icon": "minecraft:moss_block",
    "order": 4,
    "impact": 2,
    "name": "陆之千鸟",
    "description": "唤醒千鸟，保护大地！被放逐到北方山脉的陆之千鸟在一个潜影族的小村庄中避难，借取潜影族的能力并与自身的巨人之力结合。陆之千鸟吸收大地中的魔法，他们是一个光荣的种族，发誓不惜一切代价保护自己的盟友。"
}
