{
  "name": "分子渗透",
  "description": "你皮肤的分子渗透出的黑魔法使你可以附着在方块上。",
  "type": "origins:multiple",
  "toggle": {
    "type": "origins:toggle",
    "key": {
      "key": "key.hotbar.8",
      "continuous": false
    }
  },
  "climbing": {
    "type": "origins:climbing",
    "hold_condition": {
      "type": "origins:and",
      "conditions": [
        {
          "type": "origins:or",
          "conditions": [
            {
              "type": "origins:block_collision",
              "offset_x": 0.01,
              "offset_z": 0.01,
              "offset_y": 0
            },
            {
              "type": "origins:block_collision",
              "offset_x": -0.01,
              "offset_z": -0.01,
              "offset_y": 0
            }
          ]
        },
        {
          "type": "origins:power_active",
          "power": "*:*_toggle"
        }
      ]
    },
    "condition": {
      "type": "origins:and",
      "conditions": [
        {
          "type": "origins:collided_horizontally"
        },
        {
          "type": "origins:power_active",
          "power": "*:*_toggle"
        }
      ]
    }
  }
}