{
  "type": "origins:active_self",
  "entity_action": {
      "type": "origins:and",
      "actions": [
          {
              "type": "origins:equipped_item_action",
              "equipment_slot": "mainhand",
              "action": {
                  "type": "origins:consume",
                  "amount": 1
              }
          },
          {
              "type": "origins:apply_effect",
              "effect": {
                  "effect": "minecraft:speed",
                  "duration": 100,
                  "amplifier": 1,
                  "is_ambient": true,
                  "show_particles": true,
                  "show_icon": true
              }
          }
      ]
  },
  "cooldown": 1,
  "hud_render": {
      "should_render": false
  },
  "key": {
      "key": "key.loadToolbarActivator",
      "continuous": false
  },
  "condition": {
      "type": "origins:equipped_item",
      "equipment_slot": "mainhand",
      "item_condition": {
          "type": "origins:ingredient",
          "ingredient": {
              "item": "minecraft:arrow"
          }
      }
  },
  "name": "暗影疾行",
  "description": "使用黑魔法，你能够将箭矢其刺入脚掌获得迅捷效果。"
}