{
	"name": "体型",
	"description": "你比普通人类苗条一点，但是要比精灵宽，你的生命值减少10%。你是中等体型。",
	"type": "origins:multiple",
	"size": {
		"type": "origins:action_on_callback",
		"entity_action_chosen":
		{
			"type": "origins:execute_command",
			"permission_level": 4,
			"command": "scale set pehkui:width 0.95 @s"
		},
		"entity_action_added":
		{
			"type": "origins:execute_command",
			"permission_level": 4,
			"command": "scale set pehkui:width 0.95 @s"
		},
		"entity_action_lost":
		{
			"type": "origins:execute_command",
			"permission_level": 4,
			"command": "scale set pehkui:width 1 @s"
		},
		"entity_action_removed":
		{
			"type": "origins:execute_command",
			"permission_level": 4,
			"command": "scale set pehkui:width 1 @s"
		}
	},
	"health": {
		"type": "origins:attribute",
		"modifier": {
			"attribute": "minecraft:generic.max_health",
			"operation": "multiply_total",
			"value": -0.1
		}
	}
}