{
	"name": "石头伪装",
	"description": "你更容易藏身于岩石之中。在石头下潜行能使你（不包括你的盔甲）隐身。",
	"type": "origins:multiple",
	"phase": {
    "type": "origins:invisibility",
    "render_armor": true,
    "condition": {
        "type": "origins:and",
        "conditions": [
            {
                "type": "origins:sneaking"
            },
            {
                "type": "origins:block_in_radius",
                "block_condition": {
                    "type": "origins:in_tag",
                    "tag": "digs_dnd_origins:stone_camouflage_blocks"
                },
                    "radius": 1,
                    "shape": "cube",
                    "comparison": ">=",
                    "compare_to": 1
                }
            ]
        }
	}
}