{
  "powers": [
    "digs_dnd_origins:dragonborn/black/ability_score_increase",
    "digs_dnd_origins:dragonborn/black/size",
    "digs_dnd_origins:dragonborn/black/breath_weapon",
    "digs_dnd_origins:dragonborn/black/damage_resistance",
    "digs_dnd_origins:dragonborn/black/humid_habitat",
    "digs_dnd_origins:dragonborn/black/scales",
    "origins:more_exhaustion"
  ],
  "icon": "digs_dnd_origins:black_scale",
  "order": 1,
  "impact": 2,
  "name": "黑龙",
  "description": "黑龙裔是远古黑龙的后代，他们也因此能复现先祖的部分能力。"
}