{
	"powers": [
		"digs_dnd_origins:dragonborn/blue/ability_score_increase",
	    "digs_dnd_origins:dragonborn/blue/size",
		"digs_dnd_origins:dragonborn/blue/breath_weapon",
		"digs_dnd_origins:dragonborn/blue/damage_resistance",
		"digs_dnd_origins:dragonborn/blue/arid_habitat",
		"digs_dnd_origins:dragonborn/blue/scales",
		"origins:more_exhaustion"
	],
	"icon": "digs_dnd_origins:blue_scale",
	"order": 1,
	"impact": 2,
	"name": "蓝龙",
	"description": "蓝龙裔是远古蓝龙的后代，他们也因此能复现先祖的部分能力。"
}