{
	"powers": [
	    "digs_dnd_origins:dragonborn/red/ability_score_increase",
	    "digs_dnd_origins:dragonborn/red/size",
		"digs_dnd_origins:dragonborn/red/breath_weapon",
		"digs_dnd_origins:dragonborn/red/damage_resistance",
		"digs_dnd_origins:dragonborn/red/molten_habitat",
		"digs_dnd_origins:dragonborn/red/scales",
		"origins:more_exhaustion"
	],
	"icon": "digs_dnd_origins:red_scale",
	"order": 1,
	"impact": 2,
	"name": "红龙",
	"description": "红龙裔是远古红龙的后代，他们也因此能复现先祖的部分能力。"
}