{
	"name": "干旱的栖息地",
	"description": "只要待在潮湿的群系，你就会变得虚弱，同时移速变慢。",
    "type": "origins:multiple",
    
    "debuffs": {
        "type": "origins:stacking_status_effect",
        "min_stacks": -2,
        "max_stacks": 4,
        "duration_per_stack": 100,
        "tick_rate": 20,
        "effects": [
            {
                "effect": "minecraft:weakness",
                "is_ambient": true,
                "show_particles": false,
                "show_icon": true
            },
            {
                "effect": "minecraft:slowness",
                "is_ambient": true,
                "show_particles": false,
                "show_icon": true
            }
        ],
        "condition": {
            "type": "origins:biome",
            "condition": {
                "type": "origins:high_humidity"
            }
        }
    }
}