{
	"name": "抗性",
	"description": "闪电对你造成的伤害减半，你受到的缓慢效果持续时间减半。",
	"type": "origins:multiple",
	"lightning": {
		"type": "origins:modify_damage_taken",
		"damage_condition": {
			"type": "origins:or",
			"conditions": [
				{
					"type" : "origins:name",
					"name": "lightningBolt"
				},
				{
					"type" : "origins:name",
					"name": "lightningBolt.player"
				}
			]
		},
		"modifier": {
			"operation": "multiply_base_multiplicative",
			"value": -0.5
		}
	},
	"stun": {
		"type": "origins:modify_status_effect_duration",
		"status_effects":[
			"minecraft:slowness",
			"digs_dnd_origins:stun"
		],
		"modifier": {
			"operation": "multiply_base_multiplicative",
			"value": -0.5
		}
	}
}