{
  "hidden": true,
  "type": "origins:self_action_when_hit",
  "entity_action": {
    "type": "origins:and",
    "actions": [
      {
        "type": "origins:give",
        "stack": {
          "item": "digs_dnd_origins:blue_scale",
          "amount": 1
        }
      },
      {
        "type": "origins:delay",
        "ticks": 2,
        "action": {
          "type": "origins:drop_inventory",
          "item_condition": {
            "type": "origins:ingredient",
            "ingredient": {
              "item": "digs_dnd_origins:blue_scale"
            },
            "throw_randomly": true
          }
        }
      }
    ]
  },
  "cooldown": 20,
  "condition": {
    "type": "origins:health",
    "comparison": "<=",
    "compare_to": 0
  }
}