{
	"powers": [
		"digs_dnd_origins:dwarf/mountain/size",
		"digs_dnd_origins:dwarf/mountain/speed",
		"digs_dnd_origins:dwarf/mountain/darkvision",
		"digs_dnd_origins:dwarf/mountain/dwarven_resilience",
		"digs_dnd_origins:dwarf/mountain/dwarven_combat_training",
		"digs_dnd_origins:dwarf/mountain/dwarven_armor_training",
		"digs_dnd_origins:dwarf/hill/tool_proficiency"
	],
	"icon": "minecraft:iron_pickaxe",
	"order": 2,
	"impact": 2,
	"name": "山地矮人",
	"description": "作为一名山地矮人，你强悍而坚韧，已经适应了崎岖地带的艰苦生活。"
}