{
	"powers": [
	    "digs_dnd_origins:elf/wood/size",
		"digs_dnd_origins:elf/wood/darkvision",
		"digs_dnd_origins:elf/high/trance",
		"digs_dnd_origins:elf/wood/elf_weapon_training",
		"digs_dnd_origins:elf/wood/fleet_of_foot",
		"digs_dnd_origins:elf/wood/mask_of_the_wild"
	],
	"icon": "minecraft:bow",
	"order": 1,
	"impact": 1,
	"name": "木精灵",
	"description": "作为木精灵，你有着敏锐的感知和直觉，灵活的步法能让你在原生森林中快速、隐秘地穿行。"
}