{
  "hidden": true,
  "type": "origins:multiple",

  "no_skilled_feat": {
    "type": "origins:modify_healing",
    "modifier": {
      "operation": "multiply_total",
      "value": 0.2
    },
    "condition": {
      "type": "origins:origin",
      "origin": "digs_dnd_origins:variant_human/feats/skilled",
      "inverted": true
    }
  },
  "skilled_feat": {
    "type": "origins:modify_healing",
    "modifier": {
      "operation": "multiply_total",
      "value": 0.1
    },
    "condition": {
      "type": "origins:origin",
      "origin": "digs_dnd_origins:variant_human/feats/skilled"
    }
  }
}