{
    "name": "雨中弱点",
    "hidden": true,
    "condition": {
        "type": "origins:and",
        "conditions": [
            {
                "type": "origins:exposed_to_sky"
            },
            {
                "type": "origins:in_rain"
            }
        ]
    },
    "type": "origins:stacking_status_effect",
    "min_stacks": 1,
    "max_stacks": 3,
    "duration_per_stack": 100,
    "tick_rate": 10,
    "effect": {
        "effect": "minecraft:weakness",
        "duration": 100,
        "amplifier": 0,
        "show_particles": true,
        "show_icon": true
    }
}