{
  "type":"origins:modify_damage_taken",
  "modifier":{
    "value": 1,
    "operation":"multiply_total"
  },
  "damage_condition":{
    "type":"origins:or",
    "conditions":[
      {
        "type":"origins:name",
        "name":"lava"
      },
      {
        "type":"origins:name",
        "name":"onFire"
      },
      {
        "type":"origins:name",
        "name":"inFire"
      },
      {
        "type":"origins:name",
        "name":"hotFloor"
      }
    ]
  },
  "name": "不太喜欢火",
    "description": "受到更多的火焰伤害。"
}