{
    "name": "矮人的战斗训练",
    "description": "你精通用斧，使用时能额外造成2点伤害。",
    "type": "origins:multiple",
    "melee": {
        "type": "origins:modify_damage_dealt",
        "condition": {
            "type": "origins:equipped_item",
            "equipment_slot": "mainhand",
            "item_condition": {
                "type": "origins:ingredient",
                "ingredient": {
                    "tag": "digs_dnd_origins:dwarven_combat_training_weapons"
                }
            }
        },
        "modifier": {
            "operation": "addition",
            "value": 2.0
        }
    }
}