{
	"name": "体型",
	"description": "你有一格半高，是中等体型。生命值减少30%的同时，你造成的伤害减少0.5。",
	"type": "origins:multiple",
	"size": {
		"type": "origins:action_on_callback",
		"entity_action_chosen":
		{
			"type": "origins:and",
			"actions": [
			{
				"type": "origins:execute_command",
				"permission_level": 4,
				"command": "scale set pehkui:height 0.75 @s"
			},
			{
				"type": "origins:execute_command",
				"permission_level": 4,
				"command": "scale set pehkui:width 0.75 @s"
			},
			{
			    "type": "origins:execute_command",
				"permission_level": 4,
				"command": "tag @s add small"
			}
			]
		},
		"entity_action_added":
		{
			"type": "origins:and",
			"actions": [
			{
				"type": "origins:execute_command",
				"permission_level": 4,
				"command": "scale set pehkui:height 0.75 @s"
			},
			{
				"type": "origins:execute_command",
				"permission_level": 4,
				"command": "scale set pehkui:width 0.75 @s"
			},
			{
			    "type": "origins:execute_command",
				"permission_level": 4,
				"command": "tag @s add small"
			}
			]
		},
		"entity_action_lost":
		{
			"type": "origins:and",
			"actions": [
			{
				"type": "origins:execute_command",
				"permission_level": 4,
				"command": "scale set pehkui:height 1 @s"
			},
			{
				"type": "origins:execute_command",
				"permission_level": 4,
				"command": "scale set pehkui:width 1 @s"
			},
			{
			    "type": "origins:execute_command",
				"permission_level": 4,
				"command": "tag @s remove small"
			}
			]
		},
		"entity_action_removed":
		{
			"type": "origins:and",
			"actions": [
			{
				"type": "origins:execute_command",
				"permission_level": 4,
				"command": "scale set pehkui:height 1 @s"
			},
			{
				"type": "origins:execute_command",
				"permission_level": 4,
				"command": "scale set pehkui:width 1 @s"
			},
			{
			    "type": "origins:execute_command",
				"permission_level": 4,
				"command": "tag @s remove small"
			}
			]
		}
	},
	"attributes": {
		"type": "origins:attribute",
		"modifiers": [
		{
			"attribute": "minecraft:generic.max_health",
			"operation": "multiply_total",
			"value": -0.1
		},
		{
			"attribute": "generic.attack_damage",
			"value": -0.5,
			"operation": "addition"
		}
		]
	}
}