{
  "name": "精通工具",
  "description": "你精通石匠的工具，只要拿着石镐或更高级的稿子，你就能挖掘所有类型的矿石。",
  "type": "origins:multiple",

  "wood_pick": {
    "type": "origins:modify_harvest",
    "block_condition": {
      "type": "origins:material",
      "materials": [
        "stone",
        "metal"
      ]
    },
    "allow": true,
    "condition": {
      "type": "origins:equipped_item",
      "equipment_slot": "mainhand",
      "item_condition": {
        "type": "origins:harvest_level",
        "comparison": ">=",
        "compare_to": 1
      }
    }
  }
}