{
    "name": "咒语庇护神",
    "description": "与盔甲相连着的灵魂，决心保护他人并夺回所失去的一切！",
    "powers": [
        "aegis:power/swift_step/description",
        "aegis:power/swift_step/dash",
        "aegis:advantage/hop_skip_drop/description",
        "aegis:advantage/hop_skip_drop/less_fall_damage",
        "aegis:advantage/overwhelming_advantage/description",
        "aegis:advantage/overwhelming_advantage/sprint_attack",
        "aegis:advantage/the_best_defense/description",
        "aegis:advantage/the_best_defense/resistance",
        "aegis:advantage/is_a_good_offense/description",
        "aegis:advantage/is_a_good_offense/damage_up",
        "aegis:advantage/lack_of_ailments/description",
        "aegis:advantage/lack_of_ailments/hunger_immunity",
        "aegis:advantage/lack_of_ailments/poison_immunity",
        "aegis:advantage/lack_of_ailments/suffocation_immunity",
        "aegis:advantage/lack_of_ailments/drowning_immunity",
        "aegis:body/towering/description",
        "aegis:body/towering/size_2x25",
        "aegis:weakness/loaded_steps/description",
        "aegis:weakness/loaded_steps/detect_range",
        "aegis:weakness/surprisingly_weighty/description",
        "aegis:weakness/surprisingly_weighty/slowness",
        "aegis:weakness/your_vessel/description",
        "aegis:weakness/your_vessel/starting_armor",
        "aegis:weakness/your_vessel/wither_without_armor",
        "aegis:weakness/heavy_hearted/description",
        "aegis:weakness/heavy_hearted/sink",
        "aegis:weakness/heavy_hearted/slow_in_water",
        "aegis:weakness/oxidation/description",
        "aegis:weakness/oxidation/weakness_in_rain",
        "aegis:weakness/oxidation/weakness_in_water",
        "aegis:diet/description",
        "aegis:diet/no_fish",
        "aegis:diet/no_vege",
        "aegis:diet/no_meat",
        "aegis:diet/diamond",
        "aegis:diet/gold_ingot",
        "aegis:diet/netherite_ingot",
        "aegis:diet/iron_ingot",
        "aegis:diet/copper_ingot",
        "aegis:diet/iron_nugget",
        "aegis:diet/gold_nugget",
        "aegis:diet/netherite_scrap",
        "aegis:diet/raw_iron",
        "aegis:diet/raw_gold",
        "aegis:diet/raw_copper",
        "aegis:ui/breath_bar"
    ],
    "icon": {
        "item": "minecraft:netherite_helmet"
    },
    "impact": 3
}