{
    "powers": [
        "origins:fire_immunity",
        "origins:elytra",
        "air_chidori:launch_air_chidori",
        "air_chidori:inventory_air_chidori",
        "air_chidori:prevent_sprint_air_chidori",
        "air_chidori:nine_lives_air_chidori",
        "air_chidori:particle_air_chidori",
        "origins:fresh_air"
    ],
    "icon": "minecraft:slime_ball",
    "order": 4,
    "impact": 1,
    "name": "风之千鸟",
    "description": "唤醒千鸟，飞向天空！你在一个小村庄中被翼人族抚养长大，有一个来自羽人族的母亲和烈焰族的父亲，你已熟练掌握持续飞行和控制热量的能力。注意：并非每个风之千鸟都能掌握无损着陆的技巧。"
}
