{
    "type": "origins:attribute",
    "modifiers": [
      {
        "name": "Extra Reach block reach",
        "attribute": "reach-entity-attributes:reach",
        "value": 1.5,
        "operation": "addition"
      },
      {
        "name": "Extra Reach entity reach",
        "attribute": "reach-entity-attributes:attack_range",
        "value": 1.5,
        "operation": "addition"
      }
    ],
    "name": "抓取",
    "description": "更长的胳膊使你能触及更远的方块和生物。"
  }