{
    "type": "origins:action_on_callback",
    "entity_action_chosen": {
        "type": "origins:and",
        "actions": [
            {
                "type": "origins:execute_command",
                "command": "scale set pehkui:height 1.5"
            },
            {
                "type": "origins:execute_command",
                "command": "scale set pehkui:width 1.5"
            }
        ]
    },
    "execute_chosen_when_orb": true,
    "entity_action_lost": {
        "type": "origins:execute_command",
        "command": "scale reset @s"
    },
    "entity_action_respawned": {
        "type": "origins:and",
        "actions": [
            {
                "type": "origins:execute_command",
                "command": "scale set pehkui:height 1.5"
            },
            {
                "type": "origins:execute_command",
                "command": "scale set pehkui:width 1.5"
            }
        ]
    },
    "name": "友善巨人",
    "description": "你比一般人更高。"
}