{
	"powers": [
		"digs_dnd_origins:gnome/deep/size",
		"digs_dnd_origins:gnome/deep/speed",
		"digs_dnd_origins:gnome/deep/superior_darkvision",
		"digs_dnd_origins:gnome/deep/stone_camouflage"
	],
	"icon": "minecraft:recovery_compass",
	"order": 1,
	"impact": 2,
	"name": "地底侏儒",
	"description": "地精对于外来者持谨慎和怀疑的态度。他们是狡诈的，不苟言笑的，但同时也可以是热心的，忠诚的，富有同情心的，就像他们地面上的堂兄弟们那样。"
}