{
	"fortune+0.1": {
		"title": "+0.1时运",
		"icon": {
			"type": "item",
			"data": {
				"item": "diamond"
			}
		},
		"rewards": [
			{
				"type": "puffish_skills:attribute",
				"data": {
					"attribute": "puffish_skills:player.fortune",
					"value": 0.1,
					"operation": "addition"
				}
			}
		]
	},
	"mining_speed+3%": {
		"title": "+3%挖掘速度",
		"icon": {
			"type": "effect",
			"data": {
				"effect": "haste"
			}
		},
		"rewards": [
			{
				"type": "puffish_skills:attribute",
				"data": {
					"attribute": "puffish_skills:player.mining_speed",
					"value": 0.03,
					"operation": "multiply_base"
				}
			}
		]
	}
}