{
	"name": "天生神出鬼没",
	"description": "在比你大的实体下潜行能使你（不包括你的盔甲）隐身。",
    "type": "origins:action_over_time",
    "entity_action": {
        "type": "origins:execute_command",
        "command": "/execute if entity @e[distance=..1,type=#digs_dnd_origins:halfling_nimbleness_entities,tag=!small,nbt=!{IsBaby:1b}] run effect give @s minecraft:invisibility 1 0 true"
    },
    "interval": 5,
    "condition": {
        "type": "origins:sneaking"
    }
}