{
  "hidden": true,
  "type": "origins:conditioned_attribute",
  "modifiers": [
    {
      "attribute": "minecraft:generic.armor_toughness",
      "operation": "addition",
      "value": 2.0
    },
    {
      "attribute": "minecraft:generic.movement_speed",
      "operation": "multiply_total",
      "value": -0.07
    }
  ],
  "tick_rate": 20,
  "condition": {
    "type": "origins:and",
    "conditions": [
      {
        "type": "origins:equipped_item",
        "equipment_slot": "head",
        "item_condition": {
          "type": "origins:and",
          "conditions": [
            {
              "type": "origins:armor_value",
              "comparison": ">=",
              "compare_to": 2
            },
            {
              "type": "origins:armor_value",
              "comparison": "<",
              "compare_to": 3
            }
          ]
        }
      },
      {
        "type": "origins:equipped_item",
        "equipment_slot": "chest",
        "item_condition": {
          "type": "origins:and",
          "conditions": [
            {
              "type": "origins:armor_value",
              "comparison": ">",
              "compare_to": 5
            },
            {
              "type": "origins:armor_value",
              "comparison": "<",
              "compare_to": 8
            }
          ]
        }
      },
      {
        "type": "origins:equipped_item",
        "equipment_slot": "legs",
        "item_condition": {
          "type": "origins:and",
          "conditions": [
            {
              "type": "origins:armor_value",
              "comparison": ">",
              "compare_to": 4
            },
            {
              "type": "origins:armor_value",
              "comparison": "<",
              "compare_to": 6
            }
          ]
        }
      },
      {
        "type": "origins:equipped_item",
        "equipment_slot": "feet",
        "item_condition": {
          "type": "origins:and",
          "conditions": [
            {
              "type": "origins:armor_value",
              "comparison": ">",
              "compare_to": 1
            },
            {
              "type": "origins:armor_value",
              "comparison": "<",
              "compare_to": 3
            }
          ]
        }
      }
    ]
  }
}