{
    "name": "牧师",
    "description": "你为治愈和提供帮助而来，很少对他人直接攻击。",
    "powers": [
        "rpg_origins:villagefriendly",
        "rpg_origins:untrained",
        "rpg_origins:brewer_jumpboost",
        "rpg_origins:brewer_speed",
        "rpg_origins:brewer_strength",
        "rpg_origins:brewer_regeneration",
        "rpg_origins:heal_pool",
        "rpg_origins:forgivable",
        "rpg_origins:pure",
        "rpg_origins:pure_color",
        "rpg_origins:pure_shake",
        "rpg_origins:one_with_the_world"
    ],
    "icon": {
        "item": "minecraft:emerald"
    },
    "impact": 1
}