{
    "name": "盗贼",
    "description": "你来去无踪又迅疾如风。一直为对厌恶之人行窃做准备。",
    "powers": [
        "rpg_origins:speedy",
        "rpg_origins:stealthy",
        "origins:no_shield",
        "rpg_origins:better_unnoticed",
        "rpg_origins:uneasy_alliance",
        "rpg_origins:thefty",
        "rpg_origins:stealthy_damage",
        "rpg_origins:weak"
    ],
    "icon": {
        "item": "minecraft:iron_sword"
    },
    "impact": 3
}