{
    "name": "矮人的盔甲训练",
    "description": "你精通盔甲，当你穿戴一整套盔甲时，盔甲韧性提高2点。",
    "type": "origins:conditioned_attribute",
    "modifier": {
        "attribute": "minecraft:generic.armor_toughness",
        "operation": "addition",
        "value": 2.0
    },
    "tick_rate": 20,
    "condition": {
        "type": "origins:and",
        "conditions": [
            {
                "type": "origins:equipped_item",
                "equipment_slot": "head",
                "item_condition": {
                    "type": "origins:empty",
                    "inverted": true
                }
            },
            {
                "type": "origins:equipped_item",
                "equipment_slot": "chest",
                "item_condition": {
                    "type": "origins:empty",
                    "inverted": true
                }
            },
            {
                "type": "origins:equipped_item",
                "equipment_slot": "legs",
                "item_condition": {
                    "type": "origins:empty",
                    "inverted": true
                }
            },
            {
                "type": "origins:equipped_item",
                "equipment_slot": "feet",
                "item_condition": {
                    "type": "origins:empty",
                    "inverted": true
                }
            }
        ]
    }
}