{
    "powers": [
        "aqua_chidori:small_aqua_chidori",
        "aqua_chidori:starter_gear_aqua_chidori",
        "aqua_chidori:inventory_aqua_chidori",
        "aqua_chidori:modify_crafting_aqua_chidori",
        "aqua_chidori:modify_crafting2_aqua_chidori",
        "aqua_chidori:hotblood_aqua_chidori",
        "origins:water_breathing",
		"origins:water_vision",
		"origins:aqua_affinity",
		"origins:swim_speed",
		"origins:like_water",
		"origins:aquatic",
		"origins:conduit_power_on_land",
		"origins:air_from_potions",
        "aqua_chidori:climbing_aqua_chidori",
        "aqua_chidori:lava_vision_aqua_chidori",
        "aqua_chidori:fire_immunity_aqua_chidori",
        "aqua_chidori:lava_speed_aqua_chidori",
        "aqua_chidori:less_hearts_aqua_chidori",
        "aqua_chidori:light_armor_aqua_chidori",
        "aqua_chidori:particle_aqua_chidori",
        "aqua_chidori:xp_slower_aqua_chidori"
    ],
    "icon": "minecraft:trident",
    "order": 4,
    "impact": 3,
    "name": "水之千鸟",
    "description": "唤醒千鸟，遨游四海！水之千鸟起源于女巫对人鱼族囚犯使用黑魔法的一次失败实验，水之千鸟的数量越来越多，现在他们希望主宰水生空间。他们是一个快速而敏捷的水上种族，现在已经掌握了利用魔法在陆地上生存的能力，并能制作特殊的药水。"
}
