{
  "pools": [
    {
      "rolls": 1,
      "entries": [
        { "type": "item","name": "minecraft:experience_bottle","weight": 12,"functions": [{"function": "set_count", "count": 20 }]},
        { "type": "item","name": "minecraft:stick","weight": 14,"functions": [{"function": "set_count", "count": 12 }]},
        { "type": "item","name": "minecraft:coal","weight": 14,"functions": [{"function": "set_count", "count": 5 }]},
        { "type": "item","name": "minecraft:golden_carrot","weight": 7,"functions": [{"function": "set_count", "count": 1 }]},
        { "type": "item","name": "minecraft:skeleton_skull","weight": 4,"functions": [{"function": "set_count", "count": 1 }]},
        { "type": "item","name": "minecraft:gold_nugget","weight": 4,"functions": [{"function": "set_count", "count": 15 }]},
        { "type": "item","name": "minecraft:white_glazed_terracotta","weight": 6,"functions": [{"function": "set_count", "count": 5 }]},
        { "type": "item","name": "minecraft:emerald","weight": 1,"functions": [{"function": "set_count", "count": 20 }]},
        { "type": "item","name": "minecraft:netherite_scrap","weight": 1,"functions": [{"function": "set_count", "count": 20 }]},
        { "type": "item","name": "minecraft:potion","weight": 1,"functions": [{"function": "minecraft:set_nbt", "tag": "{CustomPotionColor:9043968,display:{Name:'[{\"text\":\"超级药水\",\"italic\":false}]',Lore:['[{\"text\":\"圣骑士的神盾\",\"italic\":false}]']},CustomPotionEffects:[{Id:22,Duration:5000,Amplifier:2},{Id:2,Duration:5000,Amplifier:1}]}" }]},
        { "type": "item","name": "minecraft:potion","weight": 1,"functions": [{"function": "minecraft:set_nbt", "tag": "{CustomPotionColor:15531807,display:{Name:'[{\"text\":\"超级药水\",\"italic\":false}]',Lore:['[{\"text\":\"战士的怒火\",\"italic\":false}]']},CustomPotionEffects:[{Id:24,Duration:5000,Amplifier:1},{Id:1,Duration:5000,Amplifier:2},{Id:5,Duration:5000,Amplifier:2}]}" }]},
        { "type": "item","name": "minecraft:potion","weight": 1,"functions": [{"function": "minecraft:set_nbt", "tag": "{CustomPotionColor:1336832,display:{Name:'[{\"text\":\"超级药水\",\"italic\":false}]',Lore:['[{\"text\":\"女巫的灾星\",\"italic\":false}]']},CustomPotionEffects:[{Id:22,Duration:5000,Amplifier:2},{Id:12,Duration:5000,Amplifier:2},{Id:5,Duration:5000,Amplifier:1}]}" }]},
        { "type": "item","name": "minecraft:potion","weight": 1,"functions": [{"function": "minecraft:set_nbt", "tag": "{CustomPotionColor:1250323,display:{Name:'[{\"text\":\"巨魔药水\",\"italic\":false}]',Lore:['[{\"text\":\"自我反省\",\"italic\":false}]']},CustomPotionEffects:[{Id:27,Duration:5000,Amplifier:2},{Id:31,Duration:5000,Amplifier:2},{Id:15,Duration:5000,Amplifier:2},{Id:33,Duration:5000,Amplifier:2},{Id:24,Duration:5000,Amplifier:2},{Id:17,Duration:5000,Amplifier:2},{Id:18,Duration:5000,Amplifier:2}]}" }]},
        { "type": "item","name": "minecraft:potion","weight": 1,"functions": [{"function": "minecraft:set_nbt", "tag": "{CustomPotionColor:6573278,display:{Name:'[{\"text\":\"极品药水\",\"italic\":false}]',Lore:['[{\"text\":\"刺客的信条\",\"italic\":false}]']},CustomPotionEffects:[{Id:14,Duration:6000,Amplifier:2},{Id:8,Duration:6000,Amplifier:1},{Id:16,Duration:6000,Amplifier:3},{Id:28,Duration:6000,Amplifier:2},{Id:1,Duration:6000,Amplifier:1}]}" }]},
        { "type": "item","name": "minecraft:potion","weight": 1,"functions": [{"function": "minecraft:set_nbt", "tag": "{CustomPotionColor:65505,display:{Name:'[{\"text\":\"极品药水\",\"italic\":false}]',Lore:['[{\"text\":\"水之亲和\",\"italic\":false}]']},CustomPotionEffects:[{Id:29,Duration:6000,Amplifier:2},{Id:30,Duration:6000,Amplifier:3},{Id:24,Duration:6000,Amplifier:1},{Id:21,Duration:6000,Amplifier:2},{Id:13,Duration:6000,Amplifier:2}]}" }]},
        { "type": "item","name": "minecraft:potion","weight": 1,"functions": [{"function": "minecraft:set_nbt", "tag": "{CustomPotionColor:11048703,display:{Name:'[{\"text\":\"欧米伽药水\",\"italic\":false}]',Lore:['[{\"text\":\"贾法尔的复仇\",\"italic\":false}]']},CustomPotionEffects:[{Id:22,Duration:7000,Amplifier:3},{Id:12,Duration:7000,Amplifier:3},{Id:24,Duration:7000,Amplifier:3},{Id:3,Duration:7000,Amplifier:3},{Id:21,Duration:7000,Amplifier:3},{Id:6,Duration:7000,Amplifier:3},{Id:14,Duration:7000,Amplifier:3},{Id:8,Duration:7000,Amplifier:3},{Id:26,Duration:7000,Amplifier:2},{Id:16,Duration:7000,Amplifier:1},{Id:10,Duration:7000,Amplifier:1},{Id:11,Duration:7000,Amplifier:3},{Id:28,Duration:7000,Amplifier:2},{Id:1,Duration:7000,Amplifier:3},{Id:5,Duration:7000,Amplifier:4},{Id:13,Duration:7000,Amplifier:2}]}" }]}

                 ]
        }]
}
