{
  "name": "范围",
  "description": "35格",
  "type": "origins:multiple",

  "firebolt": {
    "type": "origins:fire_projectile",
    "entity_type": "digs_dnd_origins:red_breath",
    "tag": "{Item:{id:\"minecraft:fire_charge\",Count:1b}}",
    "cooldown": 80,
    "speed": 1.0,
    "hud_render": {
      "sprite_location": "origins:textures/gui/resource_bar.png",
      "bar_index": 7,
      "should_render": true
    },
    "key": {
      "key": "key.origins.primary_active"
    }
  },
  "damage": {
    "type": "origins:target_action_on_hit",
    "entity_action": {
      "type": "origins:and",
      "actions": [
        {
          "type": "origins:damage",
          "amount": 3,
          "source": {
            "name": "onFire",
            "fire": true,
            "bypasses_armor": false
          }
        },
        {
          "type": "origins:set_on_fire",
          "duration": 2
        }
      ]
    },
    "damage_condition": {
      "type": "origins:projectile",
      "projectile": "digs_dnd_origins:red_breath"
    }
  }
}
