{
  "name": "范围",
  "description": "11格",
  "type": "origins:multiple",

  "firebolt": {
    "type": "origins:fire_projectile",
    "entity_type": "digs_dnd_origins:blue_breath",
    "tag": "{Item:{id:\"minecraft:nether_star\",Count:1b}}",
    "cooldown": 80,
    "speed": 0.3,
    "hud_render": {
      "sprite_location": "origins:textures/gui/resource_bar.png",
      "bar_index": 2,
      "should_render": true
    },
    "key": {
      "key": "key.origins.primary_active"
    }
  },
  "damage": {
    "type": "origins:target_action_on_hit",
    "entity_action": {
      "type": "origins:and",
      "actions": [
        {
          "type": "origins:damage",
          "amount": 4,
          "source": {
            "name": "lightningBolt",
            "bypasses_armor": false
          }
        },
        {
          "type": "origins:apply_effect",
          "effect": {
            "effect": "digs_dnd_origins:stun",
            "duration": 15,
            "amplifier": 1,
            "show_particles": false,
            "show_icon": false
          }
        }
      ]
    },
    "damage_condition": {
      "type": "origins:projectile",
      "projectile": "digs_dnd_origins:blue_breath"
    }
  }
}
