{
  "powers": [
    "foxboi_two:pounce",
    "foxboi_two:pounce_aerialdamage",
    "foxboi_two:pounce_falling",
    "foxboi_two:phantomize",
    "foxboi_two:phasing",
    "foxboi_two:phasing_jump",
    "foxboi_two:invisibility",
    "foxboi_two:fox_pouch",
    "foxboi_two:fox_pouch_sound",
    "foxboi_two:run",
    "origins:fall_immunity",
    "foxboi_two:speed",
    "foxboi_two:diet",
    "foxboi_two:fragilefox",
    "foxboi_two:smolman",
    "foxboi_two:yummy_berries",
    "foxboi_two:zberry_no_hurt",
    "foxboi_two:armor",
    "foxboi_two:paws",
	"foxboi_two:phase_fix",
    "foxboi_two:paws_shield",
    "foxboi_two:hungy",
    "foxboi_two:fox_eyes",
    "foxboi_two:monch",
	"foxboi_two:yum"
  ],
	"icon": "minecraft:sweet_berries",
	"order": 2,
	"impact": 3,
	"name": "狐妖",
	"description": "这种灵狐会在聚居地附近安家，等待疏于看守的宝藏掉落。虽然生命值较低，但它们可以用灵力隐藏身形或增强力量。"
}
