{
    "name": "鲸跃",
    "description": "主要技能：在水中以极快的速度冲刺，如同发射的鱼雷",
    "badges": [
        {
            "sprite": "origins:textures/gui/badge/active.png",
            "text": "Primary ability, use with %s"
        }
    ],
    "type": "origins:active_self",
    "entity_action": {
        "type": "origins:add_velocity",
        "space": "local",
        "z": 1.5
    },
    "condition": {
        "type": "origins:submerged_in",
        "fluid": "minecraft:water"
    },
    "key": {
        "key": "key.origins.primary_active"
    },
    "cooldown": 30,
    "hud_render": {
        "should_render": true,
        "sprite_location": "origins:textures/gui/community/huang/resource_bar_01.png",
        "bar_index": 10
    }
}