{
    "name": "鱼类食性",
    "description": "你已经进化得只能以鱼类为食。",
    "type": "origins:prevent_item_use",
    "item_condition": {
        "type": "origins:and",
        "conditions": [
            {
                "type": "origins:ingredient",
                "ingredient": {
                    "tag": "dolphling:fishes"
                    },
                "inverted": true
            },
            {
                "type": "origins:food"
            },
            {
                "type": "origins:ingredient",
                "ingredient": {
                    "item": "minecraft:enchanted_golden_apple"
                },
                "inverted": true
            }

        ]
    }
    }