{
    "name": "水生动物",
    "description": "你适应良好的肺让你能在水下憋气，时间长达8分钟。",
    "type": "origins:action_over_time",
    "interval": 10,
    "entity_action": {
        "type": "origins:apply_effect",
        "effect": {
            "effect": "minecraft:water_breathing",
            "duration": 9600,
            "show_particles": false,
            "show_icon": false
        }
    },
    "condition": {
        "type": "origins:submerged_in",
        "fluid": "minecraft:water",
        "inverted": true
    }
}