    {
        "powers": [
            "cosmo:nosee",
            "cosmo:boom",
            "cosmo:keep",
            "origins:fragile",
            "origins:tailwind",
            "origins:sprint_jump",
            "cosmo:gun",
            "cosmo:spawn",
            "origins:cat_vision",
            "cosmo:flame",
            "origins:slow_falling"
        ],
        "icon": "minecraft:echo_shard",
        "order": 10,
        "impact": 3,
        "name": "监守者猎人",
        "description": "监守者猎人。"
    }