{
	"powers": [
	    "digs_dnd_origins:halfling/lightfoot/size",
	    "digs_dnd_origins:halfling/lightfoot/speed",
	    "digs_dnd_origins:halfling/lightfoot/lucky",
	    "digs_dnd_origins:halfling/lightfoot/halfling_nimbleness",
		"digs_dnd_origins:halfling/lightfoot/naturally_stealthy"
	],
	"icon": "minecraft:baked_potato",
	"order": 1,
	"impact": 2,
	"name": "轻足半身人",
	"description": "作为轻足半身人，你能轻易地躱过耳目，甚至可以用其他人作掩护。"
}