{
    "__comment": "Made by the DarkRPG team",
    "display": {
        "title": {"text": "修复，重命名以及合成！（任务）"},
        "description": {"text": "制造1个铁砧。奖励：65经验值。"},
        
        "icon": {"item": "minecraft:anvil"},
        "frame": "challenge",
        
        "show_toast": true,
        "announce_to_chat": true,
        "hidden": false
    },
    "criteria": {
        "darkrpg_anvil": {
            "trigger": "minecraft:inventory_changed",
            "conditions": {"items": [
                    {
                        "items": ["minecraft:anvil"],
                        "count": {
                            "min": 1
                        }
                    }
                ]
			
            }
        }
    },
    "rewards": {
		"experience": 65
    },
    "parent": "darkrpg:iron_boots"
}
