{
    "__comment": "Made by the DarkRPG team",
    "display": {
        "title": {"text": "橱窗购物家（任务）"},
        "description": {"text": "制造盔甲架。奖励：5经验值，25个橡木木板，1个橡木告示牌，1个橡木门。"},
        
        "icon": {"item": "minecraft:armor_stand"},
        "frame": "challenge",
        
        "show_toast": true,
        "announce_to_chat": true,
        "hidden": false
    },
    "criteria": {
        "darkrpg_armor_stand": {
            "trigger": "minecraft:inventory_changed",
            "conditions": {"items": [
                    {
                        "items": ["minecraft:armor_stand"],
                        "count": {
                            "min": 1
                        }
                    }
                ],
				"player": {"type_specific": {"type": "player","advancements": {"darkrpg:zombie": "true"}}}
            }
        }
    },
    "rewards": {
        "loot": [
            "darkrpg:armor_stand"
        ],
		"experience": 5
    },
    "parent": "darkrpg:zombie"
}
