{
    "__comment": "Made by the DarkRPG team",
    "display": {
        "title": {"text": "美西螈调研（任务）"},
        "description": {"text": "杀死美西螈。奖励：500经验值，1个铁桶。"},
        
        "icon": {"item": "minecraft:bucket"},
        "frame": "challenge",
        
        "show_toast": true,
        "announce_to_chat": true,
        "hidden": false
    },
    "criteria": {
		"darkrpg_axolotl": {
        "trigger": "minecraft:player_killed_entity",
        "conditions": {
	    "entity": {
		"type": "minecraft:axolotl"
	      },
		  "player": {"type_specific": {"type": "player","advancements": {"darkrpg:bee": "true"}}}
		} }
    },
    "rewards": {
        "loot": [
            "darkrpg:axolotl"
        ],
		"experience": 500
    },
    "parent": "darkrpg:bee"
}
