{
    "__comment": "Made by the DarkRPG team",
    "display": {
        "title": {"text": "图书管理员（任务）"},
        "description": {"text": "制造1个书架。奖励：40经验值。"},
        
        "icon": {"item": "minecraft:bookshelf"},
        "frame": "challenge",
        
        "show_toast": true,
        "announce_to_chat": true,
        "hidden": false
    },
    "criteria": {
        "darkrpg_bookshelf": {
            "trigger": "minecraft:inventory_changed",
            "conditions": {"items": [
                    {
                        "items": ["minecraft:bookshelf"],
                        "count": {
                            "min": 1
                        }
                    }
                ]
			
            }
        }
    },
    "rewards": {
		"experience": 40
    },
    "parent": "darkrpg:book"
}
