{
    "__comment": "Made by the DarkRPG team",
    "display": {
        "title": {"text": "汤与面条（任务）"},
        "description": {"text": "制造8个碗。奖励：65经验值。"},
        
        "icon": {"item": "minecraft:bowl"},
        "frame": "challenge",
        
        "show_toast": true,
        "announce_to_chat": true,
        "hidden": false
    },
    "criteria": {
        "darkrpg_bowl": {
            "trigger": "minecraft:inventory_changed",
            "conditions": {"items": [
                    {
                        "items": ["minecraft:bowl"],
                        "count": {
                            "min": 8
                        }
                    }
                ]
			
            }
        }
    },
    "rewards": {
		"experience": 65
    },
    "parent": "darkrpg:stone_button"
}
