{
    "__comment": "Made by the DarkRPG team",
    "display": {
        "title": {"text": "捕水者（任务）"},
        "description": {"text": "制造5个桶。奖励：50经验值。"},
        
        "icon": {"item": "minecraft:bucket"},
        "frame": "challenge",
        
        "show_toast": true,
        "announce_to_chat": true,
        "hidden": false
    },
    "criteria": {
        "darkrpg_bucket": {
            "trigger": "minecraft:inventory_changed",
            "conditions": {"items": [
                    {
                        "items": ["minecraft:bucket"],
                        "count": {
                            "min": 5
                        }
                    }
                ]
			
            }
        }
    },
    "rewards": {
		"experience": 50
    },
    "parent": "darkrpg:cracked_stone_bricks"
}
