{
    "__comment": "Made by the DarkRPG team",
    "display": {
        "title": {"text": "可远观不可亵玩焉（任务）"},
        "description": {"text": "收集10个仙人掌。奖励：120经验值，50粘土块。"},
        
        "icon": {"item": "minecraft:cactus"},
        "frame": "challenge",
        
        "show_toast": true,
        "announce_to_chat": true,
        "hidden": false
    },
    "criteria": {
        "darkrpg_cactus": {
            "trigger": "minecraft:inventory_changed",
            "conditions": {"items": [
                    {
                        "items": ["minecraft:cactus"],
                        "count": {
                            "min": 10
                        }
                    }
                ],
				"player": {"type_specific": {"type": "player","advancements": {"darkrpg:end_enderman": "true"}}}
            }
        }
    },
    "rewards": {
        "loot": [
            "darkrpg:cactus"
        ],
		"experience": 120
    },
    "parent": "darkrpg:end_enderman"
}
