{
    "__comment": "Made by the DarkRPG team",
    "display": {
        "title": {"text": "真宽敞（任务）"},
        "description": {"text": "制造箱子。奖励：10经验值，6个铜锭，1个箱子。"},
        
        "icon": {"item": "minecraft:chest"},
        "frame": "challenge",
        
        "show_toast": true,
        "announce_to_chat": true,
        "hidden": false
    },
    "criteria": {
        "darkrpg_chest": {
            "trigger": "minecraft:inventory_changed",
            "conditions": {"items": [
                    {
                        "items": ["minecraft:chest"],
                        "count": {
                            "min": 1
                        }
                    }
                ],
				"player": {"type_specific": {"type": "player","advancements": {"darkrpg:piglin": "true"}}}
            }
        }
    },
    "rewards": {
        "loot": [
            "darkrpg:chest"
        ],
		"experience": 10
    },
    "parent": "darkrpg:piglin"
}
