{
    "__comment": "Made by the DarkRPG team",
    "display": {
        "title": {"text": "精致泥土（任务）"},
        "description": {"text": "制造3个砂土.奖励：70经验值。"},
        
        "icon": {"item": "minecraft:coarse_dirt"},
        "frame": "challenge",
        
        "show_toast": true,
        "announce_to_chat": true,
        "hidden": false
    },
    "criteria": {
        "darkrpg_coarse_dirt": {
            "trigger": "minecraft:inventory_changed",
            "conditions": {"items": [
                    {
                        "items": ["minecraft:coarse_dirt"],
                        "count": {
                            "min": 3
                        }
                    }
                ]
			
            }
        }
    },
    "rewards": {
		"experience": 70
    },
    "parent": "darkrpg:bookshelf"
}
