{
    "__comment": "Made by the DarkRPG team",
    "display": {
        "title": {"text": "禁止进入（任务）"},
        "description": {"text": "制造1个圆石墙，奖励：30经验值。"},
        
        "icon": {"item": "minecraft:cobblestone_wall"},
        "frame": "challenge",
        
        "show_toast": true,
        "announce_to_chat": true,
        "hidden": false
    },
    "criteria": {
        "darkrpg_cobblestone_wall": {
            "trigger": "minecraft:inventory_changed",
            "conditions": {"items": [
                    {
                        "items": ["minecraft:cobblestone_wall"],
                        "count": {
                            "min": 1
                        }
                    }
                ]
			
            }
        }
    },
    "rewards": {
		"experience": 30
    },
    "parent": "darkrpg:iron_bars"
}
