{
    "__comment": "Made by the DarkRPG team",
    "display": {
        "title": {"text": "有铜吗？（任务）"},
        "description": {"text": "得到铜锭。奖励：15经验值，1把金剑。"},
        
        "icon": {"item": "minecraft:copper_ingot"},
        "frame": "challenge",
        
        "show_toast": true,
        "announce_to_chat": true,
        "hidden": false
    },
    "criteria": {
        "darkrpg_copper_ingot": {
            "trigger": "minecraft:inventory_changed",
            "conditions": {"items": [
                    {
                        "items": ["minecraft:copper_ingot"],
                        "count": {
                            "min": 1
                        }
                    }
                ],
				"player": {"type_specific": {"type": "player","advancements": {"darkrpg:white_wool": "true"}}}
            }
        }
    },
    "rewards": {
        "loot": [
            "darkrpg:copper_ingot"
        ],
		"experience": 20
    },
    "parent": "darkrpg:white_wool"
}
