{
    "__comment": "Made by the DarkRPG team",
    "display": {
        "title": {"text": "地震（任务）"},
        "description": {"text": "制造4个裂纹石砖，奖励：50经验值。"},
        
        "icon": {"item": "minecraft:cracked_stone_bricks"},
        "frame": "challenge",
        
        "show_toast": true,
        "announce_to_chat": true,
        "hidden": false
    },
    "criteria": {
        "darkrpg_cracked_stone_bricks": {
            "trigger": "minecraft:inventory_changed",
            "conditions": {"items": [
                    {
                        "items": ["minecraft:cracked_stone_bricks"],
                        "count": {
                            "min": 4
                        }
                    }
                ]
			
            }
        }
    },
    "rewards": {
		"experience": 50
    },
    "parent": "darkrpg:bone_block"
}
