{
    "__comment": "Made by the DarkRPG team",
    "display": {
        "title": {"text": "真正的Minecraft现在开始（任务）"},
        "description": {"text": "砍树，收集资源，制造工作台。奖励：20经验值，10根木棍。"},
        
        "icon": {"item": "minecraft:crafting_table"},
        "frame": "challenge",
        
        "show_toast": true,
        "announce_to_chat": true,
        "hidden": false
    },
    "criteria": {
        "darkrpg_crafting_table": {
            "trigger": "minecraft:inventory_changed",
            "conditions": {"items": [
                    {
                        "items": ["minecraft:crafting_table"],
                        "count": {
                            "min": 1
                        }
                    }
                ]
            }
        }
    },
    "rewards": {
        "loot": [
            "darkrpg:crafting_table"
        ],
		"experience": 20
    }
	,
    "parent": "darkrpg:info_story"
}
