{
    "__comment": "Made by the DarkRPG team",
    "display": {
        "title": {"text": "我真有钱！！（任务）"},
        "description": {"text": "制作3个钻石块。奖励：70经验值。"},
        
        "icon": {"item": "minecraft:diamond_block"},
        "frame": "challenge",
        
        "show_toast": true,
        "announce_to_chat": true,
        "hidden": false
    },
    "criteria": {
        "darkrpg_diamond_block2": {
            "trigger": "minecraft:inventory_changed",
            "conditions": {"items": [
                    {
                        "items": ["minecraft:diamond_block"],
                        "count": {
                            "min": 3
                        }
                    }
                ]
			
            }
        }
    },
    "rewards": {
		"experience": 70
    },
    "parent": "darkrpg:coarse_dirt"
}
