{
    "__comment": "Made by the DarkRPG team",
    "display": {
        "title": {"text": "晚上吃了什么？（任务）"},
        "description": {"text": "收集1个龙息。奖励：100经验值。"},
        
        "icon": {"item": "minecraft:dragon_breath"},
        "frame": "challenge",
        
        "show_toast": true,
        "announce_to_chat": true,
        "hidden": false
    },
    "criteria": {
        "darkrpg_dragon_breath": {
            "trigger": "minecraft:inventory_changed",
            "conditions": {"items": [
                    {
                        "items": ["minecraft:dragon_breath"],
                        "count": {
                            "min": 1
                        }
                    }
                ]
			
            }
        }
    },
    "rewards": {
		"experience": 100
    },
    "parent": "darkrpg:soul_torch"
}
