{
    "__comment": "Made by the DarkRPG team",
    "display": {
        "title": {"text": "我能飞！（任务）"},
        "description": {"text": "获得1个鞘翅。奖励：200经验值。"},
        
        "icon": {"item": "minecraft:elytra"},
        "frame": "challenge",
        
        "show_toast": true,
        "announce_to_chat": true,
        "hidden": false
    },
    "criteria": {
        "darkrpg_elytra": {
            "trigger": "minecraft:inventory_changed",
            "conditions": {"items": [
                    {
                        "items": ["minecraft:elytra"],
                        "count": {
                            "min": 1
                        }
                    }
                ]
			
            }
        }
    },
    "rewards": {
		"experience": 200
    },
    "parent": "darkrpg:popped_chorus_fruit"
}
