{
    "__comment": "Made by the DarkRPG team",
    "display": {
        "title": {"text": "末地地基（任务）"},
        "description": {"text": "收集20个末地石砖。奖励：150经验值，14个玻璃，2个末影之眼。"},
        
        "icon": {"item": "minecraft:end_stone_bricks"},
        "frame": "challenge",
        
        "show_toast": true,
        "announce_to_chat": true,
        "hidden": false
    },
    "criteria": {
        "darkrpg_end_stone_bricks": {
            "trigger": "minecraft:inventory_changed",
            "conditions": {"items": [
                    {
                        "items": ["minecraft:end_stone_bricks"],
                        "count": {
                            "min": 20
                        }
                    }
                ],
				"player": {"type_specific": {"type": "player","advancements": {"darkrpg:shulker_again": "true"}}}
            }
        }
    },
    "rewards": {
        "loot": [
            "darkrpg:end_stone_bricks"
        ],
		"experience": 150
    },
    "parent": "darkrpg:shulker_again"
}
