{
    "__comment": "Made by the DarkRPG team",
    "display": {
        "title": {"text": "末影之末（任务）"},
        "description": {"text": "抵达末地，杀死末影人。奖励：220经验值，20个面包，15个苹果。"},
        
        "icon": {"item": "minecraft:dirt"},
        "frame": "challenge",
        
        "show_toast": true,
        "announce_to_chat": true,
        "hidden": false
    },
    "criteria": {
		"darkrpg_end_enderman": {
        "trigger": "minecraft:player_killed_entity",
        "conditions": {
	    "entity": {
		"type": "minecraft:enderman"
	      },
		  "player": {"type_specific": {"type": "player","advancements": {"darkrpg:shulker_shell": "true"}}}
		} }
    },
 
    "rewards": {
        "loot": [
            "darkrpg:end_enderman"
        ],
		"experience": 220
    },
    "parent": "darkrpg:shulker_shell"
}

