{
    "__comment": "Made by the DarkRPG team",
    "display": {
        "title": {"text": "多维存储（任务）"},
        "description": {"text": "制造1个末影箱。奖励：100经验值。"},
        
        "icon": {"item": "minecraft:ender_chest"},
        "frame": "challenge",
        
        "show_toast": true,
        "announce_to_chat": true,
        "hidden": false
    },
    "criteria": {
        "darkrpg_ender_chest": {
            "trigger": "minecraft:inventory_changed",
            "conditions": {"items": [
                    {
                        "items": ["minecraft:ender_chest"],
                        "count": {
                            "min": 1
                        }
                    }
                ]
			
            }
        }
    },
    "rewards": {
		"experience": 100
    },
    "parent": "darkrpg:dragon_breath"
}
