{
    "__comment": "Made by the DarkRPG team",
    "display": {
        "title": {"text": "末影将至（任务）"},
        "description": {"text": "前往末地，杀死末影人并收集10个末影珍珠。奖励：550经验值，20个金锭。"},
        
        "icon": {"item": "minecraft:ender_pearl"},
        "frame": "challenge",
        
        "show_toast": true,
        "announce_to_chat": true,
        "hidden": false
    },
    "criteria": {
		"darkrpg_enderman": {
        "trigger": "minecraft:player_killed_entity",
        "conditions": {
	    "entity": {
		"type": "minecraft:enderman"
	      }
       }
    },
        "darkrpg_ender_pearl": {
            "trigger": "minecraft:inventory_changed",
            "conditions": {"items": [
                    {
                        "items": ["minecraft:ender_pearl"],
                        "count": {
                            "min": 10
                        }
                    }
                ],
				"player": {"type_specific": {"type": "player","advancements": {"darkrpg:warped_fungus": "true"}}}
            }
        }
    },
    "rewards": {
        "loot": [
            "darkrpg:enderman"
        ],
		"experience": 550
    },
    "parent": "darkrpg:warped_fungus"
}
