{
    "__comment": "Made by the DarkRPG team",
    "display": {
        "title": {"text": "末影之灭（任务）"},
        "description": {"text": "（最终极限任务）杀死末影龙。奖励：4000经验值，1个黑色床，1个鞘翅，25个青金石，25个红色蘑菇方块，1个粉红色潜影盒，1个青色潜影盒，1个棕色潜影盒。"},
        
        "icon": {"item": "minecraft:dragon_head"},
        "frame": "challenge",
        
        "show_toast": true,
        "announce_to_chat": true,
        "hidden": false
    },
    "criteria": {
		"darkrpg_ender_dragon": {
        "trigger": "minecraft:location",
        "conditions": {
		 "biome": "minecraft:the_end",
		 "player": {"type_specific": {"type": "player","advancements": {"darkrpg:end_stone_bricks": "true"}}},
	     "player": {"type_specific": {"type": "player","advancements": {"minecraft:end/kill_dragon": "true"}}}
		} }
    },
 
    "rewards": {
        "loot": [
            "darkrpg:ender_dragon"
        ],
		"experience": 4000
    },
    "parent": "darkrpg:end_stone_bricks"
}
