{
    "__comment": "Made by the DarkRPG team",
    "display": {
        "title": {"text": "惊魂失魄（任务）"},
        "description": {"text": "杀死恶魂，并收集20个恶魂之泪。奖励：150经验值，1个诡异菌钓竿，5个灯笼。"},
        
        "icon": {"item": "minecraft:ghast_tear"},
        "frame": "challenge",
        
        "show_toast": true,
        "announce_to_chat": true,
        "hidden": false
    },
    "criteria": {
		"darkrpg_ghast": {
        "trigger": "minecraft:player_killed_entity",
        "conditions": {
	    "entity": {
		"type": "minecraft:ghast"
	      }
       }
    },
        "darkrpg_ghast_tear": {
            "trigger": "minecraft:inventory_changed",
            "conditions": {"items": [
                    {
                        "items": ["minecraft:ghast_tear"],
                        "count": {
                            "min": 20
                        }
                    }
                ],
				"player": {"type_specific": {"type": "player","advancements": {"darkrpg:bee": "true"}}}
            }
        }
    },
    "rewards": {
        "loot": [
            "darkrpg:ghast"
        ],
		"experience": 150
    },
    "parent": "darkrpg:bee"
}
