{
    "__comment": "Made by the DarkRPG team",
    "display": {
        "title": {"text": "易碎品（任务）"},
        "description": {"text": "制作3个玻璃瓶。奖励：65经验值。"},
        
        "icon": {"item": "minecraft:glass_bottle"},
        "frame": "challenge",
        
        "show_toast": true,
        "announce_to_chat": true,
        "hidden": false
    },
    "criteria": {
        "darkrpg_glass_bottle": {
            "trigger": "minecraft:inventory_changed",
            "conditions": {"items": [
                    {
                        "items": ["minecraft:glass_bottle"],
                        "count": {
                            "min": 3
                        }
                    }
                ]
			
            }
        }
    },
    "rewards": {
		"experience": 65
    },
    "parent": "darkrpg:lever"
}
