{
    "__comment": "Made by the DarkRPG team",
    "display": {
        "title": {"text": "黑暗中的一束光（任务）"},
        "description": {"text": "制造1个荧石。奖励：70经验值。"},
        
        "icon": {"item": "minecraft:glowstone"},
        "frame": "challenge",
        
        "show_toast": true,
        "announce_to_chat": true,
        "hidden": false
    },
    "criteria": {
        "darkrpg_glowstone": {
            "trigger": "minecraft:inventory_changed",
            "conditions": {"items": [
                    {
                        "items": ["minecraft:glowstone"],
                        "count": {
                            "min": 1
                        }
                    }
                ]
			
            }
        }
    },
    "rewards": {
		"experience": 70
    },
    "parent": "darkrpg:magma_block"
}
