{
    "__comment": "Made by the DarkRPG team",
    "display": {
        "title": {"text": "金匠（任务）"},
        "description": {"text": "收集2个金锭。奖励：15经验值，5个金苹果，1个铁砧。"},
        
        "icon": {"item": "minecraft:gold_ingot"},
        "frame": "challenge",
        
        "show_toast": true,
        "announce_to_chat": true,
        "hidden": false
    },
    "criteria": {
        "darkrpg_gold_ingot": {
            "trigger": "minecraft:inventory_changed",
            "conditions": {"items": [
                    {
                        "items": ["minecraft:gold_ingot"],
                        "count": {
                            "min": 2
                        }
                    }
                ],
				
				"player": {"type_specific": {"type": "player","advancements": {"darkrpg:chest": "true"}}}
            }
        }
    },
    "rewards": {
        "loot": [
            "darkrpg:gold_ingot"
        ],
		"experience": 15
    },
    "parent": "darkrpg:chest"
}
