{
    "__comment": "Made by the DarkRPG team",
    "display": {
        "title": {"text": "舒缓……（任务）"},
        "description": {"text": "制造1个蜂蜜瓶。奖励：80经验值。"},
        
        "icon": {"item": "minecraft:honey_bottle"},
        "frame": "challenge",
        
        "show_toast": true,
        "announce_to_chat": true,
        "hidden": false
    },
    "criteria": {
        "darkrpg_honey_bottle": {
            "trigger": "minecraft:inventory_changed",
            "conditions": {"items": [
                    {
                        "items": ["minecraft:honey_bottle"],
                        "count": {
                            "min": 1
                        }
                    }
                ]
			
            }
        }
    },
    "rewards": {
		"experience": 80
    },
    "parent": "darkrpg:gold_nugget"
}
