{
    "__comment": "Made by the DarkRPG team",
    "display": {
        "title": {"text": "主故事线"},
        "description": {"text": "这是主要的故事任务线。完成某些任务后将解锁这个系列中更难的任务。"},
        
        "icon": {"item": "minecraft:book"},
        "frame": "challenge",
        
        "show_toast": false,
        "announce_to_chat": false,
        "hidden": false
    },
    "criteria": {
        "darkrpg_info_extras": {
            "trigger": "minecraft:enter_block",
            "conditions": {
                "block": "minecraft:air"
            }
        }
    },
    "rewards": {        
		"experience": 0
    },
    "parent": "darkrpg:root"
}
