{
    "__comment": "Made by the DarkRPG team",
    "display": {
        "title": {"text": "额外任务"},
        "description": {"text": "这些是额外的任务，这些任务可以以任意顺序完成。"},
        
        "icon": {"item": "minecraft:book"},
        "frame": "challenge",
        
        "show_toast": false,
        "announce_to_chat": false,
        "hidden": false
    },
    "criteria": {
        "darkrpg_info_extras": {
            "trigger": "minecraft:enter_block",
            "conditions": {
                "block": "minecraft:air"
            }
        }
    },
    "rewards": {        
		"experience": 0
    },
    "parent": "darkrpg:root"
}
