{
    "__comment": "Made by the DarkRPG team",
    "display": {
        "title": {"text": "陷在中间（任务）"},
        "description": {"text": "制作1个铁活板门。奖励：65经验值。"},
        
        "icon": {"item": "minecraft:iron_trapdoor"},
        "frame": "challenge",
        
        "show_toast": true,
        "announce_to_chat": true,
        "hidden": false
    },
    "criteria": {
        "darkrpg_iron_trapdoor": {
            "trigger": "minecraft:inventory_changed",
            "conditions": {"items": [
                    {
                        "items": ["minecraft:iron_trapdoor"],
                        "count": {
                            "min": 1
                        }
                    }
                ]
			
            }
        }
    },
    "rewards": {
		"experience": 65
    },
    "parent": "darkrpg:anvil"
}
