{
    "__comment": "Made by the DarkRPG team",
    "display": {
        "title": {"text": "铁人四项（任务）"},
        "description": {"text": "获得铁锭。奖励：15经验值，1把金稿，1个燧石。"},
        
        "icon": {"item": "minecraft:iron_ingot"},
        "frame": "challenge",
        
        "show_toast": true,
        "announce_to_chat": true,
        "hidden": false
    },
    "criteria": {
        "darkrpg_iron_ingot": {
            "trigger": "minecraft:inventory_changed",
            "conditions": {"items": [
                    {
                        "items": ["minecraft:iron_ingot"],
                        "count": {
                            "min": 1
                        }
                    }
                ],
				 "player": {"type_specific": {"type": "player","advancements": {"darkrpg:copper_ingot": "true"}}}
            }
        }
    },
    "rewards": {
        "loot": [
            "darkrpg:iron_ingot"
        ],
		"experience": 15
    },
    "parent": "darkrpg:copper_ingot"
}
