{
    "__comment": "Made by the DarkRPG team",
    "display": {
        "title": {"text": "监狱长（任务）"},
        "description": {"text": "制作16个铁栅栏。奖励：30经验值。"},
        
        "icon": {"item": "minecraft:iron_bars"},
        "frame": "challenge",
        
        "show_toast": true,
        "announce_to_chat": true,
        "hidden": false
    },
    "criteria": {
        "darkrpg_iron_bars": {
            "trigger": "minecraft:inventory_changed",
            "conditions": {"items": [
                    {
                        "items": ["minecraft:iron_bars"],
                        "count": {
                            "min": 16
                        }
                    }
                ]
			
            }
        }
    },
    "rewards": {
		"experience": 30
    },
    "parent": "darkrpg:shears"
}
