{
    "__comment": "Made by the DarkRPG team",
    "display": {
        "title": {"text": "金属运动鞋（任务）"},
        "description": {"text": "制作1个铁靴子。奖励：50经验值。"},
        
        "icon": {"item": "minecraft:iron_boots"},
        "frame": "challenge",
        
        "show_toast": true,
        "announce_to_chat": true,
        "hidden": false
    },
    "criteria": {
        "darkrpg_iron_boots": {
            "trigger": "minecraft:inventory_changed",
            "conditions": {"items": [
                    {
                        "items": ["minecraft:iron_boots"],
                        "count": {
                            "min": 1
                        }
                    }
                ]
			
            }
        }
    },
    "rewards": {
		"experience": 50
    },
    "parent": "darkrpg:bucket"
}
