{
    "__comment": "Made by the DarkRPG team",
    "display": {
        "title": {"text": "无蛇之梯（任务）"},
        "description": {"text": "制作5个梯子。奖励：30经验值。"},
        
        "icon": {"item": "minecraft:ladder"},
        "frame": "challenge",
        
        "show_toast": true,
        "announce_to_chat": true,
        "hidden": false
    },
    "criteria": {
        "darkrpg_ladder": {
            "trigger": "minecraft:inventory_changed",
            "conditions": {"items": [
                    {
                        "items": ["minecraft:ladder"],
                        "count": {
                            "min": 5
                        }
                    }
                ]
			
            }
        }
    },
    "rewards": {
		"experience": 30
    },
    "parent": "darkrpg:charcoal"
}
