{
    "__comment": "Made by the DarkRPG team",
    "display": {
        "title": {"text": "预备，就绪，拉！（任务）"},
        "description": {"text": "制作2个拉杆。奖励：65经验值。"},
        
        "icon": {"item": "minecraft:lever"},
        "frame": "challenge",
        
        "show_toast": true,
        "announce_to_chat": true,
        "hidden": false
    },
    "criteria": {
        "darkrpg_lever": {
            "trigger": "minecraft:inventory_changed",
            "conditions": {"items": [
                    {
                        "items": ["minecraft:lever"],
                        "count": {
                            "min": 2
                        }
                    }
                ]
			
            }
        }
    },
    "rewards": {
		"experience": 65
    },
    "parent": "darkrpg:iron_trapdoor"
}
