{
    "__comment": "Made by the DarkRPG team",
    "display": {
        "title": {"text": "合金装备崛起（任务）"},
        "description": {"text": "收集10个西瓜片。奖励：120经验值，50个苔藓块。"},
        
        "icon": {"item": "minecraft:melon"},
        "frame": "challenge",
        
        "show_toast": true,
        "announce_to_chat": true,
        "hidden": false
    },
    "criteria": {
        "darkrpg_melon": {
            "trigger": "minecraft:inventory_changed",
            "conditions": {"items": [
                    {
                        "items": ["minecraft:melon"],
                        "count": {
                            "min": 10
                        }
                    }
                ],
				"player": {"type_specific": {"type": "player","advancements": {"darkrpg:end_enderman": "true"}}}
            }
        }
    },
    "rewards": {
        "loot": [
            "darkrpg:melon"
        ],
		"experience": 120
    },
    "parent": "darkrpg:end_enderman"
}
