{
    "__comment": "Made by the DarkRPG team",
    "display": {
        "title": {"text": "骨头大师（任务）"},
        "description": {"text": "击杀更多骷髅，并收集50个骨头。奖励：500经验值，30个苹果，20个胡萝卜，5个煤炭。"},
        
        "icon": {"item": "minecraft:skeleton_skull"},
        "frame": "challenge",
        
        "show_toast": true,
        "announce_to_chat": true,
        "hidden": false
    },
    "criteria": {
		"darkrpg_more_skeleton": {
        "trigger": "minecraft:player_killed_entity",
        "conditions": {
	    "entity": {
		"type": "minecraft:skeleton"
	      }
       }
    },
        "darkrpg_more_bone": {
            "trigger": "minecraft:inventory_changed",
            "conditions": {"items": [
                    {
                        "items": ["minecraft:bone"],
                        "count": {
                            "min": 50
                        }
                    }
                ],
				 "player": {"type_specific": {"type": "player","advancements": {"darkrpg:skeleton": "true"}}}
            }
        }
    },
    "rewards": {
        "loot": [
            "darkrpg:more_skeleton"
        ],
		"experience": 100
    },
    "parent": "darkrpg:skeleton"
}
