{
    "__comment": "Made by the DarkRPG team",
    "display": {
        "title": {"text": "更加惊魂失魄（任务）"},
        "description": {"text": "击杀恶魂，并收集40个恶魂之泪。奖励：1000经验值，5个附魔金苹果。"},
        
        "icon": {"item": "minecraft:ghast_tear"},
        "frame": "challenge",
        
        "show_toast": true,
        "announce_to_chat": true,
        "hidden": false
    },
    "criteria": {
		"darkrpg_more_ghast": {
        "trigger": "minecraft:player_killed_entity",
        "conditions": {
	    "entity": {
		"type": "minecraft:ghast"
	      }
       }
    },
        "darkrpg_more_ghast_tear": {
            "trigger": "minecraft:inventory_changed",
            "conditions": {"items": [
                    {
                        "items": ["minecraft:ghast_tear"],
                        "count": {
                            "min": 40
                        }
                    }
                ],
				"player": {"type_specific": {"type": "player","advancements": {"darkrpg:ghast": "true"}}}
            }
        }
    },
    "rewards": {
        "loot": [
            "darkrpg:more_ghast"
        ],
		"experience": 1000
    },
    "parent": "darkrpg:ghast"
}
