{
    "__comment": "Made by the DarkRPG team",
    "display": {
        "title": {"text": "我爱蜘蛛（任务）"},
        "description": {"text": "击杀更多蜘蛛，并收集50个蜘蛛眼。奖励：500经验值，1个铁胸甲，1个钻石靴子。"},
        
        "icon": {"item": "minecraft:cobweb"},
        "frame": "challenge",
        
        "show_toast": true,
        "announce_to_chat": true,
        "hidden": false
    },
    "criteria": {
		"darkrpg_more_spider": {
        "trigger": "minecraft:player_killed_entity",
        "conditions": {
	    "entity": {
		"type": "minecraft:spider"
	      }
       }
    },
        "darkrpg_more_spider_eye": {
            "trigger": "minecraft:inventory_changed",
            "conditions": {"items": [
                    {
                        "items": ["minecraft:spider_eye"],
                        "count": {
                            "min": 50
                        }
                    }
                ],
				 "player": {"type_specific": {"type": "player","advancements": {"darkrpg:spider": "true"}}}
            }
        }
    },
    "rewards": {
        "loot": [
            "darkrpg:more_spider"
        ],
		"experience": 500
    },
    "parent": "darkrpg:spider"
}
