{
    "__comment": "Made by the DarkRPG team",
    "display": {
        "title": {"text": "挖到了吗？（任务）"},
        "description": {"text": "收集下界合金碎片，并制作4个下界合金锭。奖励：65经验值，1个下界合金护腿，20个黄绿色染色玻璃。"},
        
        "icon": {"item": "minecraft:netherite_scrap"},
        "frame": "challenge",
        
        "show_toast": true,
        "announce_to_chat": true,
        "hidden": false
    },
    "criteria": {
        "darkrpg_netherite_ingot": {
            "trigger": "minecraft:inventory_changed",
            "conditions": {"items": [
                    {
                        "items": ["minecraft:netherite_ingot"],
                        "count": {
                            "min": 4
                        }
                    }
                ],
				"player": {"type_specific": {"type": "player","advancements": {"darkrpg:netherite_shovel": "true"}}}
            }
        }
    },
    "rewards": {
        "loot": [
            "darkrpg:netherite_ingot"
        ],
		"experience": 65
    },
    "parent": "darkrpg:netherite_shovel"
}
