{
    "__comment": "Made by the DarkRPG team",
    "display": {
        "title": {"text": "红砖（任务）"},
        "description": {"text": "制作2个下界砖块。奖励：70经验值。"},
        
        "icon": {"item": "minecraft:nether_bricks"},
        "frame": "challenge",
        
        "show_toast": true,
        "announce_to_chat": true,
        "hidden": false
    },
    "criteria": {
        "darkrpg_nether_bricks": {
            "trigger": "minecraft:inventory_changed",
            "conditions": {"items": [
                    {
                        "items": ["minecraft:nether_bricks"],
                        "count": {
                            "min": 2
                        }
                    }
                ]
			
            }
        }
    },
    "rewards": {
		"experience": 70
    },
    "parent": "darkrpg:diamond_block2"
}
