{
    "__comment": "Made by the DarkRPG team",
    "display": {
        "title": {"text": "寻找疣（任务）"},
        "description": {"text": "收集9个下界疣。奖励：70经验值。"},
        
        "icon": {"item": "minecraft:nether_wart"},
        "frame": "challenge",
        
        "show_toast": true,
        "announce_to_chat": true,
        "hidden": false
    },
    "criteria": {
        "darkrpg_nether_wart": {
            "trigger": "minecraft:inventory_changed",
            "conditions": {"items": [
                    {
                        "items": ["minecraft:nether_wart"],
                        "count": {
                            "min": 9
                        }
                    }
                ]
			
            }
        }
    },
    "rewards": {
		"experience": 70
    },
    "parent": "darkrpg:glowstone"
}
