{
    "__comment": "Made by the DarkRPG team",
    "display": {
        "title": {"text": "达芬奇之谜（任务）"},
        "description": {"text": "制作画。奖励：30经验值。"},
        
        "icon": {"item": "minecraft:painting"},
        "frame": "challenge",
        
        "show_toast": true,
        "announce_to_chat": true,
        "hidden": false
    },
    "criteria": {
        "darkrpg_painting": {
            "trigger": "minecraft:inventory_changed",
            "conditions": {"items": [
                    {
                        "items": ["minecraft:painting"],
                        "count": {
                            "min": 1
                        }
                    }
                ]
			
            }
        }
    },
    "rewards": {
		"experience": 30
    },
    "parent": "darkrpg:smooth_stone_slab"
}
