{
    "__comment": "Made by the DarkRPG team",
    "display": {
        "title": {"text": "猪灵小分队（任务）"},
        "description": {"text": "（简单任务完结）制作下界传送门，并在下界杀死猪灵。奖励：1000经验值，10颗钻石，1个绿色染色染料，1个黄色染色染料，1个蓝色染色染料，1个粉色染色染料，1个橙色染色染料，1个青色染色染料，5个火把。"},
        
        "icon": {"item": "minecraft:raw_gold"},
        "frame": "challenge",
        
        "show_toast": true,
        "announce_to_chat": true,
        "hidden": false
    },
    "criteria": {
		"darkrpg_piglin": {
        "trigger": "minecraft:player_killed_entity",
        "conditions": {
	    "entity": {
		"type": "minecraft:piglin"
	      },
		  "player": {"type_specific": {"type": "player","advancements": {"darkrpg:obsidian": "true"}}}
		} }
    },
    "rewards": {
        "loot": [
            "darkrpg:piglin"
        ],
		"experience": 1000
    },
    "parent": "darkrpg:obsidian"
}
