{
    "__comment": "Made by the DarkRPG team",
    "display": {
        "title": {"text": "果汁循环（任务）"},
        "description": {"text": "冶炼4个紫颂果成爆裂的紫颂果。奖励：150经验值。"},
        
        "icon": {"item": "minecraft:popped_chorus_fruit"},
        "frame": "challenge",
        
        "show_toast": true,
        "announce_to_chat": true,
        "hidden": false
    },
    "criteria": {
        "darkrpg_popped_chorus_fruit": {
            "trigger": "minecraft:inventory_changed",
            "conditions": {"items": [
                    {
                        "items": ["minecraft:popped_chorus_fruit"],
                        "count": {
                            "min": 4
                        }
                    }
                ]
			
            }
        }
    },
    "rewards": {
		"experience": 150
    },
    "parent": "darkrpg:ender_chest"
}
