{
    "__comment": "Made by the DarkRPG team",
    "display": {
        "title": {"text": "石英的力量（任务）"},
        "description": {"text": "收集20个下界石英。奖励：85经验值。"},
        
        "icon": {"item": "minecraft:quartz"},
        "frame": "challenge",
        
        "show_toast": true,
        "announce_to_chat": true,
        "hidden": false
    },
    "criteria": {
        "darkrpg_quartz": {
            "trigger": "minecraft:inventory_changed",
            "conditions": {"items": [
                    {
                        "items": ["minecraft:quartz"],
                        "count": {
                            "min": 20
                        }
                    }
                ]
			
            }
        }
    },
    "rewards": {
		"experience": 85
    },
    "parent": "darkrpg:nether_wart_block"
}
