{
    "__comment": "Made by the DarkRPG team",
    "display": {
        "title": {"text": "氧化剂（任务）"},
        "description": {"text": "收集50个粗铜。奖励：40经验值，1把下界合金剑，1把钻石剑，1把金剑，60支箭，1把弩。"},
        
        "icon": {"item": "minecraft:raw_copper"},
        "frame": "challenge",
        
        "show_toast": true,
        "announce_to_chat": true,
        "hidden": false
    },
    "criteria": {
        "darkrpg_raw_copper": {
            "trigger": "minecraft:inventory_changed",
            "conditions": {"items": [
                    {
                        "items": ["minecraft:raw_copper"],
                        "count": {
                            "min": 50
                        }
                    }
                ]
            }
        }
    },
    "rewards": {
    "loot": [
            "darkrpg:raw_copper"
        ],
		"experience": 80
    },
    "parent": "darkrpg:blaze_rod"
}
