{
    "__comment": "Made by the DarkRPG team",
    "display": {
        "title": {"text": "砖块上的砖块（任务）"},
        "description": {"text": "制作2个红色下界砖块。奖励：85经验值。"},
        
        "icon": {"item": "minecraft:red_nether_bricks"},
        "frame": "challenge",
        
        "show_toast": true,
        "announce_to_chat": true,
        "hidden": false
    },
    "criteria": {
        "darkrpg_red_nether_bricks": {
            "trigger": "minecraft:inventory_changed",
            "conditions": {"items": [
                    {
                        "items": ["minecraft:red_nether_bricks"],
                        "count": {
                            "min": 2
                        }
                    }
                ]
			
            }
        }
    },
    "rewards": {
		"experience": 85
    },
    "parent": "darkrpg:quartz_block"
}
