{
    "__comment": "DarkQuesting Quests",
    "display": {
        "title": {
            "text": "暗黑任务",
            "color": "dark_purple"
        },
        "description": {
            "text": "通过完成任务来获得经验和奖励！（DarkRPG由指星汉化组汉化，加入我们：912726159。遇到汉化有误/不适之处烦请进群联系我们！）"
        },
        "icon": {
            "item": "minecraft:book"
        },
        "frame": "challenge",
        "show_toast": false,
        "announce_to_chat": false,
        "hidden": false,
        "background": "minecraft:textures/gui/advancements/backgrounds/nether.png"
    },
    "criteria": {
        "darkrpg_info_extras": {
            "trigger": "minecraft:enter_block",
            "conditions": {
                "block": "minecraft:air"
            }
        }
    },
    "rewards": {
        "experience" : 0
    }
}
