{
    "__comment": "Made by the DarkRPG team",
    "display": {
        "title": {"text": "职业幸存者（任务）"},
        "description": {"text": "收集40个腐肉。奖励：50经验值。"},
        
        "icon": {"item": "minecraft:rotten_flesh"},
        "frame": "challenge",
        
        "show_toast": true,
        "announce_to_chat": true,
        "hidden": false
    },
    "criteria": {
        "darkrpg_rotten_flesh2": {
            "trigger": "minecraft:inventory_changed",
            "conditions": {"items": [
                    {
                        "items": ["minecraft:rotten_flesh"],
                        "count": {
                            "min": 40
                        }
                    }
                ]
			
            }
        }
    },
    "rewards": {
		"experience": 50
    },
    "parent": "darkrpg:bone_meal"
}
