{
    "__comment": "Made by the DarkRPG team",
    "display": {
        "title": {"text": "用腐肉来转换为钻石"},
        "description": {"text": "将9个腐肉转化为1颗钻石。站在工作台上在主手和副手之间相互切换腐肉来兑换。"},
        
        "icon": {"item": "minecraft:rotten_flesh"},
        "frame": "challenge",
        
        "show_toast": false,
        "announce_to_chat": false,
        "hidden": false
    },
    "criteria": {
        "darkrpg_rotten_flesh_diamond": {
            "trigger": "minecraft:inventory_changed",
            "conditions": {"items": [{"items": ["minecraft:rotten_flesh"],"count": {"min": 9}}],
                           "player": {"stepping_on": {"block": {"blocks": ["minecraft:crafting_table"]}}
                            }}}},
    "rewards": {
        "function": "darkrpg:rotten_flesh_diamond",
        "experience": 0
    },
    "parent": "darkrpg:info_casino"
}