{
    "__comment": "Made by the DarkRPG team",
    "display": {
        "title": {"text": "骨头收集者（任务）"},
        "description": {"text": "击杀骷髅，并收集20根骨头。奖励：100经验值，25个南瓜派，5个皮革。"},
        
        "icon": {"item": "minecraft:skeleton_skull"},
        "frame": "challenge",
        
        "show_toast": true,
        "announce_to_chat": true,
        "hidden": false
    },
    "criteria": {
		"darkrpg_skeleton": {
        "trigger": "minecraft:player_killed_entity",
        "conditions": {
	    "entity": {
		"type": "minecraft:skeleton"
	      }
       }
    },
        "darkrpg_bone": {
            "trigger": "minecraft:inventory_changed",
            "conditions": {"items": [
                    {
                        "items": ["minecraft:bone"],
                        "count": {
                            "min": 20
                        }
                    }
                ],
				"player": {"type_specific": {"type": "player","advancements": {"darkrpg:dirt": "true"}}}
            }
        }
    },
    "rewards": {
        "loot": [
            "darkrpg:skeleton"
        ],
		"experience": 100
    },
    "parent": "darkrpg:dirt"
}
