{
    "__comment": "Made by the DarkRPG team",
    "display": {
        "title": {"text": "木棍难题（任务）"},
        "description": {"text": "收集30根木棍。奖励：30经验值。"},
        
        "icon": {"item": "minecraft:stick"},
        "frame": "challenge",
        
        "show_toast": true,
        "announce_to_chat": true,
        "hidden": false
    },
    "criteria": {
        "darkrpg_stick": {
            "trigger": "minecraft:inventory_changed",
            "conditions": {"items": [
                    {
                        "items": ["minecraft:stick"],
                        "count": {
                            "min": 30
                        }
                    }
                ]
			
            }
        }
    },
    "rewards": {
		"experience": 30
    },
    "parent": "darkrpg:info_crafting"
}
