{
    "__comment": "Made by the DarkRPG team",
    "display": {
        "title": {"text": "来按按钮（任务）"},
        "description": {"text": "制作1个石制按钮。奖励：65经验值。"},
        
        "icon": {"item": "minecraft:stone_button"},
        "frame": "challenge",
        
        "show_toast": true,
        "announce_to_chat": true,
        "hidden": false
    },
    "criteria": {
        "darkrpg_stone_button": {
            "trigger": "minecraft:inventory_changed",
            "conditions": {"items": [
                    {
                        "items": ["minecraft:stone_button"],
                        "count": {
                            "min": 1
                        }
                    }
                ]
			
            }
        }
    },
    "rewards": {
		"experience": 65
    },
    "parent": "darkrpg:glass_bottle"
}
