{
    "__comment": "Made by the DarkRPG team",
    "display": {
        "title": {"text": "是时候让这里变亮了！（任务）"},
        "description": {"text": "制作8个火把。奖励：30经验值。"},
        
        "icon": {"item": "minecraft:torch"},
        "frame": "challenge",
        
        "show_toast": true,
        "announce_to_chat": true,
        "hidden": false
    },
    "criteria": {
        "darkrpg_torch": {
            "trigger": "minecraft:inventory_changed",
            "conditions": {"items": [
                    {
                        "items": ["minecraft:torch"],
                        "count": {
                            "min": 8
                        }
                    }
                ]
			
            }
        }
    },
    "rewards": {
		"experience": 30
    },
    "parent": "darkrpg:ladder"
}
