{
    "__comment": "Made by the DarkRPG team",
    "display": {
        "title": {"text": "找到监守者了！（任务）"},
        "description": {"text": "（额外极限任务）找到监守者并杀掉它。奖励：2000经验值，1个Pigstep唱片。"},

        "icon": {"item": "minecraft:sculk_shrieker"},
        "frame": "challenge",

        "show_toast": true,
        "announce_to_chat": true,
        "hidden": false
    },
    "criteria": {
        "darkrpg_warden": {
        "trigger": "minecraft:player_killed_entity",
        "conditions": {
        "entity": {
        "type": "minecraft:warden"
          },
          "player": {"type_specific": {"type": "player","advancements": {"darkrpg:ender_dragon": "true"}}}
        } }
    },
 
    "rewards": {
        "loot": [
            "darkrpg:warden"
        ],
        "experience": 2000
    },
    "parent": "darkrpg:ender_dragon"
}