{
    "__comment": "Made by the DarkRPG team",
    "display": {
        "title": {"text": "谁有诡异菌呀？（任务）"},
        "description": {"text": "获得诡异菌。奖励：50经验值，1把下界合金剑。"},
        
        "icon": {"item": "minecraft:warped_fungus"},
        "frame": "challenge",
        
        "show_toast": true,
        "announce_to_chat": true,
        "hidden": false
    },
    "criteria": {
        "darkrpg_warped_fungus": {
            "trigger": "minecraft:inventory_changed",
            "conditions": {"items": [
                    {
                        "items": ["minecraft:warped_fungus"],
                        "count": {
                            "min": 1
                        }
                    }
                ],
				"player": {"type_specific": {"type": "player","advancements": {"darkrpg:strider": "true"}}}
            }
        }
    },
    "rewards": {
        "loot": [
            "darkrpg:warped_fungus"
        ],
		"experience": 50
    },
    "parent": "darkrpg:strider"
}
