{
    "__comment": "Made by the DarkRPG team",
    "display": {
        "title": {"text": "僵尸困扰（任务）"},
        "description": {"text": "击杀僵尸，并收集9个腐肉。奖励：50经验值，1个锁链胸甲，1把弩，1颗钻石。"},
        
        "icon": {"item": "minecraft:zombie_head"},
        "frame": "challenge",
        
        "show_toast": true,
        "announce_to_chat": true,
        "hidden": false
    },
    "criteria": {
		"darkrpg_zombie": {
        "trigger": "minecraft:player_killed_entity",
        "conditions": {
	    "entity": {
		"type": "minecraft:zombie"
	      }
       }
    },
        "darkrpg_rotten_flesh": {
            "trigger": "minecraft:inventory_changed",
            "conditions": {"items": [
                    {
                        "items": ["minecraft:rotten_flesh"],
                        "count": {
                            "min": 9
                        }
                    }
                ],
				"player": {"type_specific": {"type": "player","advancements": {"darkrpg:campfire": "true"}}}
            }
        }
    },
    "rewards": {
        "loot": [
            "darkrpg:zombie"
        ],
		"experience": 50
    },
    "parent": "darkrpg:campfire"
}
