{
	"origins": [
		{
			"condition": {
				"type": "origins:or",
				"conditions": [
					{
						"type": "origins:origin",
						"layer": "origins:origin",
						"origin": "digs_dnd_origins:half-elf"
					},
					{
						"type": "origins:origin",
						"layer": "origins:origin",
						"origin": "digs_dnd_origins:variant_human"
					}
				]
			},
			"origins": [
				"digs_dnd_origins:half-elf/skills/animal_handling",
				"digs_dnd_origins:half-elf/skills/arcana",
				"digs_dnd_origins:half-elf/skills/athletics",
				"digs_dnd_origins:half-elf/skills/medicine",
				"digs_dnd_origins:half-elf/skills/nature",
				"digs_dnd_origins:half-elf/skills/sleight_of_hand",
				"digs_dnd_origins:half-elf/skills/stealth",
				"digs_dnd_origins:half-elf/skills/survival"
			]
		}
	],
	"order": 2,
	"name": "Skill"
}