{
  "powers": [
    "digs_dnd_origins:tiefling/ability_score_increase",
    "digs_dnd_origins:tiefling/darkvision",
    "digs_dnd_origins:tiefling/hellish_resistance",
    "digs_dnd_origins:tiefling/infernal_legacy",
    "digs_dnd_origins:tiefling/hellish_rebuke",
    "digs_dnd_origins:tiefling/darkness",
    "digs_dnd_origins:tiefling/feared",
    "digs_dnd_origins:tiefling/horns"
  ],
  "icon": "minecraft:fire_charge",
  "order": 0,
  "impact": 1,
  "name": "魔裔",
  "description": "魔人起源于人类血统，从最广泛的意义来说，他们仍然长得像人类。然而，来自恶魔的遗传还是在他们的外貌上留下了清晰的印记。"
}