{
    "type": "origins:phasing",
    "blacklist": true,
    "render_type": "blindness",
    "view_distance": 10,
    "block_condition": {
        "type": "origins:in_tag",
        "tag": "foxboi_two:unphasable"
    },
    "phase_down_condition": {
    "type": "origins:constant",
    "value": false
    },
    "condition": {
     "type": "origins:power_active",
     "power": "*:phantomize"
    },
    "name": "相位移动 [次要技能]",
    "description": "你能穿过除了黑曜石、哭泣黑曜石、屏障和基岩以外的固体，但是你不能向上或者向下相位移动。"
}