{
  "type": "origins:active_self",
  "entity_action": {
    "type": "origins:and",
    "actions": [
      {
        "type": "origins:execute_command",
        "command": "particle minecraft:cloud ~ ~ ~ 0.5 0 0.5 0.2 20 force",
        "permission_level": 4
      },
      {
        "type": "origins:execute_command",
        "command": "playsound minecraft:entity.fox.ambient player @a[distance=..10] ~ ~ ~ 1 1 1",
        "permission_level": 4
      },
      {
        "type": "origins:add_velocity",
        "z": 1,
        "space": "local"
      },
      {
        "type": "origins:add_velocity",
        "y": 0.2
      },
      {
        "type": "origins:exhaust",
        "amount": 0.6
      }
    ]
  },
  "key": {
    "key": "key.origins.primary_active",
    "continuous": false
  },
  "cooldown": 150,
  "hud_render": {
    "should_render": true,
    "sprite_location": "origins:textures/gui/community/spiderkolo/resource_bar_03.png",
    "bar_index": 23
  },

  "name": "猛扑 [主要技能]",
  "description": "朝面朝方向猛冲一次。下落时能造成更多伤害。You perform a great leap towards the direction you're facing. You also deal more damage while falling."
}