{
    "name": "小淘气",
    "description": "你可以制作一个长得像青蛙的发条小玩具。放在地上的时候，它会以一个低于步行的速度向随机方向移动。",
    "type": "origins:multiple",
    "animated_gear":
    {
        "type": "origins:recipe",
        "recipe":
        {
            "id": "digs_dnd_origins:tinker/toy_frog",
            "type": "minecraft:crafting_shaped",
            "pattern": [
                "#",
                "$"
            ],
            "key": {
                "#": {
                    "item": "minecraft:leather"
                },
                "$": {
                    "item": "minecraft:gold_ingot"
                }
            },
            "result": {
                "item": "digs_dnd_origins:toy_frog_spawn_egg"
            }
        }
    }
}